t,i,j,Ï„
722,15,29,2.0
237,15,95,1.0
718,15,95,1.0
722,15,95,3.0
730,15,95,4.0
738,15,95,2.0
743,15,95,1.0
1490,15,95,1.0
1545,15,95,1.0
1742,15,95,1.0
4617,15,95,2.0
4635,15,95,3.0
4648,15,95,1.0
4651,15,95,1.0
6050,15,95,11.0
13977,15,95,1.0
13980,15,95,1.0
14017,15,95,2.0
14516,15,95,1.0
14806,15,95,2.0
14810,15,95,1.0
14813,15,95,2.0
14820,15,95,1.0
14824,15,95,1.0
35178,15,95,5.0
35185,15,95,1.0
35188,15,95,6.0
35195,15,95,2.0
35200,15,95,1.0
35202,15,95,1.0
35204,15,95,4.0
35209,15,95,14.0
35231,15,95,1.0
1742,15,123,1.0
4767,15,123,2.0
8966,15,123,2.0
8996,15,123,1.0
9041,15,123,2.0
9045,15,123,1.0
9062,15,123,6.0
9163,15,123,1.0
17921,15,123,1.0
19113,15,123,1.0
19125,15,123,1.0
19134,15,123,1.0
19136,15,123,3.0
19151,15,123,3.0
34926,15,123,3.0
39763,15,123,1.0
44770,15,123,1.0
44781,15,123,1.0
44792,15,123,1.0
44839,15,123,1.0
44931,15,123,2.0
44935,15,123,1.0
6010,15,223,1.0
6015,15,223,5.0
9792,15,223,1.0
14550,15,223,1.0
17937,15,253,1.0
17942,15,253,2.0
17946,15,253,6.0
34927,15,253,1.0
34929,15,253,7.0
34939,15,253,1.0
34957,15,253,1.0
34995,15,253,1.0
35000,15,253,1.0
35010,15,253,1.0
35017,15,253,2.0
35044,15,253,1.0
35102,15,253,1.0
35111,15,253,1.0
35120,15,253,3.0
35124,15,253,1.0
35127,15,253,8.0
35165,15,253,1.0
35169,15,253,1.0
14454,15,267,1.0
1514,15,496,3.0
1544,15,496,1.0
952,17,21,1.0
1079,17,21,1.0
773,17,48,1.0
776,17,48,1.0
952,17,48,1.0
35497,17,48,2.0
39131,17,48,2.0
39142,17,48,1.0
9087,17,50,1.0
9394,17,50,3.0
31173,17,50,1.0
35553,17,50,1.0
35997,17,50,1.0
44863,17,50,1.0
778,17,66,9.0
47813,17,80,1.0
47831,17,80,3.0
8986,17,101,2.0
783,17,102,1.0
788,17,102,3.0
1435,17,102,1.0
1443,17,102,2.0
36235,17,102,2.0
40659,17,102,2.0
40662,17,102,2.0
35549,17,134,1.0
35553,17,134,2.0
44863,17,134,2.0
776,17,179,1.0
786,17,179,1.0
946,17,179,2.0
31162,17,179,1.0
31171,17,179,1.0
776,17,209,1.0
9409,17,209,1.0
35492,17,209,1.0
5760,17,335,1.0
5762,17,335,1.0
5764,17,335,2.0
5770,17,335,2.0
5774,17,335,2.0
6105,17,335,1.0
36241,17,335,1.0
39070,17,335,1.0
39119,17,335,1.0
39137,17,335,1.0
5302,17,496,1.0
1266,17,762,1.0
1281,17,762,2.0
5788,17,762,2.0
1089,17,771,1.0
9685,17,771,1.0
9801,17,771,1.0
10129,17,771,1.0
39082,17,804,2.0
39091,17,804,1.0
39096,17,804,7.0
39106,17,804,1.0
39111,17,804,2.0
39118,17,804,1.0
5754,17,875,1.0
34893,17,875,1.0
35931,17,875,1.0
39074,17,875,2.0
39143,17,875,1.0
39154,17,875,1.0
39924,21,29,1.0
788,21,48,1.0
952,21,48,1.0
1024,21,48,1.0
1046,21,48,1.0
1049,21,48,1.0
1058,21,48,1.0
787,21,66,1.0
789,21,66,2.0
934,21,66,1.0
955,21,66,1.0
958,21,66,2.0
1009,21,66,1.0
1020,21,66,1.0
1024,21,66,1.0
1037,21,66,1.0
1040,21,66,4.0
1046,21,66,4.0
1069,21,66,1.0
1071,21,66,1.0
1079,21,66,1.0
9413,21,80,1.0
9105,21,101,1.0
9213,21,101,1.0
9219,21,101,1.0
9570,21,101,1.0
9574,21,101,2.0
9595,21,101,1.0
9715,21,101,1.0
39643,21,101,3.0
39921,21,101,2.0
39924,21,101,1.0
39926,21,101,1.0
39929,21,101,2.0
39980,21,101,3.0
40656,21,101,2.0
60,21,150,1.0
62,21,150,1.0
154,21,150,1.0
174,21,150,1.0
91,21,179,1.0
9576,21,179,1.0
62,21,205,1.0
82,21,205,1.0
1012,21,209,1.0
1016,21,209,1.0
39929,21,253,1.0
284,21,431,1.0
261,21,603,1.0
35085,21,804,1.0
39294,21,875,1.0
48268,21,875,1.0
8808,29,39,1.0
9759,29,39,3.0
9763,29,39,1.0
9779,29,39,8.0
9788,29,39,3.0
9795,29,39,3.0
9818,29,39,1.0
9824,29,39,1.0
9826,29,39,1.0
9832,29,39,1.0
9835,29,39,1.0
43612,29,39,1.0
43673,29,39,1.0
581,29,56,5.0
587,29,56,1.0
431,29,79,1.0
348,29,95,1.0
722,29,95,2.0
1039,29,95,1.0
9561,29,95,2.0
9704,29,95,2.0
10021,29,95,3.0
10121,29,95,3.0
17843,29,95,1.0
17846,29,95,1.0
17854,29,95,4.0
30972,29,95,3.0
35244,29,95,6.0
35255,29,95,3.0
30601,29,113,2.0
39185,29,113,1.0
39188,29,113,1.0
10009,29,116,1.0
8777,29,120,1.0
8812,29,120,3.0
34689,29,120,2.0
34695,29,120,1.0
34839,29,122,1.0
40140,29,123,1.0
48288,29,123,1.0
34808,29,194,1.0
43934,29,194,1.0
48117,29,213,1.0
1235,29,222,2.0
9706,29,222,1.0
39300,29,222,1.0
30931,29,223,1.0
34839,29,267,1.0
298,29,271,1.0
35597,29,311,1.0
35627,29,311,1.0
17608,29,496,2.0
10421,29,513,1.0
34863,29,513,1.0
35076,29,513,1.0
8853,29,662,1.0
8867,29,662,1.0
8869,29,662,3.0
48104,29,662,1.0
35805,29,779,3.0
35810,29,779,19.0
44613,29,791,1.0
48108,29,791,1.0
30491,29,819,1.0
30493,29,819,1.0
30496,29,819,4.0
30506,29,819,1.0
14441,35,185,1.0
4666,35,210,1.0
4669,35,210,1.0
4671,35,210,3.0
13258,35,253,1.0
48807,35,255,1.0
14350,35,265,1.0
30562,35,265,1.0
34975,35,265,4.0
34986,35,265,1.0
35000,35,265,5.0
43458,35,265,1.0
14356,35,268,3.0
39392,35,268,1.0
48702,35,268,1.0
13117,35,273,1.0
43734,35,743,1.0
35322,35,778,1.0
36292,35,778,1.0
43641,35,778,1.0
9067,35,804,1.0
6001,35,826,1.0
17857,35,826,1.0
17910,35,826,1.0
17914,35,826,2.0
17919,35,826,6.0
17963,35,826,1.0
31950,35,826,1.0
36046,35,826,1.0
47680,35,826,1.0
5657,35,845,1.0
5310,39,79,1.0
9098,39,79,1.0
13314,39,79,1.0
13700,39,79,3.0
47842,39,79,1.0
44136,39,87,2.0
4583,39,95,2.0
48573,39,95,1.0
48764,39,95,1.0
49004,39,95,1.0
49006,39,95,4.0
49013,39,95,1.0
49022,39,95,1.0
825,39,113,2.0
837,39,113,1.0
8754,39,113,2.0
8805,39,113,2.0
8808,39,113,2.0
8817,39,113,8.0
13687,39,113,1.0
13692,39,113,3.0
13754,39,113,6.0
13762,39,113,1.0
31985,39,113,1.0
39098,39,113,4.0
39163,39,113,1.0
39167,39,113,1.0
39170,39,113,1.0
39172,39,113,1.0
39604,39,113,2.0
43388,39,113,1.0
40577,39,119,2.0
40582,39,119,2.0
137,39,120,2.0
140,39,120,2.0
143,39,120,2.0
160,39,120,5.0
169,39,120,1.0
172,39,120,5.0
13968,39,120,1.0
13985,39,120,4.0
39765,39,123,1.0
43450,39,123,2.0
43596,39,123,1.0
43602,39,123,1.0
14077,39,181,1.0
43943,39,181,1.0
43961,39,181,1.0
44780,39,181,2.0
44788,39,181,1.0
13420,39,184,1.0
13749,39,194,4.0
13754,39,194,1.0
13756,39,194,3.0
13760,39,194,1.0
13762,39,194,1.0
13955,39,194,2.0
13965,39,194,1.0
13968,39,194,1.0
13985,39,194,5.0
43950,39,194,1.0
43960,39,194,2.0
44134,39,194,2.0
44138,39,194,1.0
44142,39,194,6.0
44163,39,194,4.0
44168,39,194,3.0
48566,39,194,1.0
783,39,205,1.0
1062,39,205,5.0
1718,39,205,3.0
18404,39,205,1.0
43905,39,205,1.0
48783,39,222,1.0
47820,39,223,1.0
18035,39,242,2.0
18039,39,242,1.0
73,39,253,1.0
1053,39,267,1.0
13420,39,267,1.0
39155,39,267,1.0
14736,39,272,1.0
43604,39,496,3.0
13954,39,662,3.0
13965,39,662,2.0
13968,39,662,2.0
13988,39,662,1.0
17511,39,662,5.0
17517,39,662,5.0
17523,39,662,2.0
17528,39,662,2.0
31170,39,662,1.0
31182,39,662,1.0
39307,39,662,1.0
43396,39,662,1.0
44537,39,662,2.0
47845,39,662,1.0
44144,39,743,2.0
14741,39,751,1.0
43373,39,779,1.0
43375,39,779,1.0
43377,39,779,1.0
43380,39,779,2.0
43387,39,779,1.0
1769,39,804,1.0
4461,39,819,2.0
43361,39,819,1.0
43396,39,819,1.0
13228,48,50,2.0
35553,48,50,1.0
784,48,66,4.0
791,48,66,1.0
961,48,66,1.0
968,48,66,1.0
1004,48,66,2.0
1008,48,66,2.0
1020,48,66,1.0
1023,48,66,3.0
1040,48,66,1.0
1042,48,66,3.0
1046,48,66,13.0
1079,48,66,1.0
965,48,80,1.0
18051,48,80,1.0
18051,48,132,1.0
790,48,134,1.0
35552,48,134,2.0
945,48,179,2.0
949,48,179,3.0
763,48,209,3.0
778,48,209,1.0
787,48,209,4.0
18962,48,209,1.0
30536,48,209,1.0
30856,48,209,1.0
30859,48,209,1.0
36145,48,209,1.0
36153,48,209,1.0
36155,48,209,3.0
44077,48,209,1.0
44083,48,209,1.0
44853,48,209,5.0
48488,48,209,1.0
48490,48,209,1.0
13227,48,311,1.0
35493,48,431,1.0
943,48,804,1.0
39111,48,804,1.0
39113,48,804,1.0
39115,48,804,1.0
4581,48,875,1.0
5773,48,875,1.0
30430,48,875,1.0
17870,50,80,1.0
17961,50,80,2.0
39951,50,80,7.0
39969,50,80,2.0
39988,50,80,2.0
39996,50,80,1.0
40024,50,80,1.0
40026,50,80,2.0
40041,50,80,1.0
44470,50,80,1.0
48143,50,80,1.0
48147,50,80,1.0
1061,50,102,1.0
31530,50,102,7.0
31538,50,102,1.0
31542,50,102,1.0
31571,50,102,3.0
35196,50,102,2.0
35206,50,102,1.0
35213,50,102,3.0
35217,50,102,1.0
35438,50,102,1.0
35446,50,102,1.0
39202,50,102,1.0
39222,50,102,1.0
39255,50,102,2.0
39591,50,102,1.0
39593,50,102,1.0
39984,50,102,4.0
43442,50,102,1.0
48494,50,102,1.0
14561,50,119,1.0
14567,50,119,2.0
14572,50,119,3.0
4696,50,131,1.0
4700,50,131,6.0
4707,50,131,1.0
4709,50,131,1.0
4711,50,131,1.0
14172,50,131,1.0
31434,50,131,6.0
31465,50,131,2.0
31472,50,131,3.0
31479,50,131,1.0
31527,50,131,1.0
31539,50,131,2.0
31553,50,131,2.0
31572,50,131,1.0
31579,50,131,1.0
31599,50,131,3.0
35447,50,131,1.0
13914,50,134,1.0
13916,50,134,1.0
36361,50,134,2.0
43957,50,134,3.0
43974,50,134,1.0
43979,50,134,1.0
44035,50,134,1.0
44038,50,134,4.0
44044,50,134,2.0
44047,50,134,2.0
44051,50,134,1.0
44863,50,134,2.0
288,50,179,1.0
39620,50,179,1.0
9407,50,209,3.0
18064,50,240,1.0
18068,50,240,2.0
18191,50,240,1.0
18201,50,240,1.0
9569,50,265,1.0
10254,50,265,1.0
39420,50,275,1.0
43462,50,285,1.0
43978,50,285,1.0
13227,50,311,1.0
14036,50,311,1.0
14137,50,311,2.0
14151,50,311,1.0
14155,50,311,1.0
14171,50,311,1.0
30594,50,311,1.0
30596,50,311,3.0
30604,50,311,1.0
30606,50,311,4.0
30615,50,311,6.0
30870,50,311,1.0
39267,50,311,4.0
39272,50,311,5.0
39280,50,311,62.0
39352,50,311,1.0
39363,50,311,1.0
39365,50,311,1.0
542,50,335,1.0
8901,50,335,2.0
14725,50,335,1.0
13248,50,762,2.0
17871,50,762,1.0
17874,50,762,1.0
17907,50,762,1.0
18947,50,762,2.0
40101,50,762,2.0
40104,50,762,1.0
709,50,771,2.0
1086,50,771,1.0
8901,50,771,1.0
8904,50,771,1.0
8924,50,771,1.0
14466,50,771,2.0
14469,50,771,1.0
14472,50,771,2.0
14476,50,771,1.0
14479,50,771,1.0
14483,50,771,1.0
14485,50,771,1.0
14512,50,771,2.0
14524,50,771,1.0
14529,50,771,1.0
14539,50,771,1.0
14553,50,771,1.0
14567,50,771,1.0
17561,50,771,1.0
39144,50,784,2.0
47775,50,784,1.0
35422,50,804,1.0
35443,50,804,2.0
35446,50,804,1.0
35479,50,804,1.0
35511,50,804,2.0
35532,50,804,1.0
39105,50,804,1.0
39110,50,804,1.0
40526,50,804,1.0
8885,50,826,1.0
1105,50,875,1.0
1425,50,875,1.0
13729,50,875,1.0
17825,50,875,1.0
17842,50,875,1.0
17845,50,875,1.0
17850,50,875,1.0
31977,50,875,4.0
35060,50,875,6.0
39154,50,875,1.0
39159,50,875,2.0
39162,50,875,1.0
39165,50,875,1.0
39401,50,875,1.0
43959,50,875,5.0
43966,50,875,1.0
48261,50,875,2.0
13233,56,95,1.0
13927,56,95,2.0
35092,56,102,1.0
43349,56,102,1.0
13924,56,105,1.0
14014,56,132,1.0
14510,56,132,1.0
14698,56,132,1.0
31228,56,132,1.0
31230,56,132,1.0
31232,56,132,3.0
31281,56,132,1.0
31284,56,132,1.0
31348,56,132,3.0
31368,56,132,1.0
31408,56,132,1.0
31609,56,132,1.0
31984,56,132,2.0
31987,56,132,4.0
31992,56,132,2.0
31995,56,132,2.0
32006,56,132,2.0
32014,56,132,3.0
32018,56,132,3.0
32023,56,132,1.0
34799,56,132,1.0
39821,56,132,4.0
40099,56,132,1.0
40488,56,132,1.0
40517,56,132,1.0
40523,56,132,1.0
40540,56,132,1.0
40662,56,132,2.0
40665,56,132,3.0
40669,56,132,1.0
40676,56,132,1.0
40682,56,132,2.0
40685,56,132,1.0
40687,56,132,1.0
40690,56,132,1.0
40692,56,132,3.0
40696,56,132,2.0
40699,56,132,2.0
40702,56,132,2.0
40706,56,132,1.0
40709,56,132,1.0
40711,56,132,1.0
40746,56,132,2.0
40760,56,132,1.0
40762,56,132,1.0
43442,56,132,1.0
43448,56,132,1.0
43451,56,132,5.0
43457,56,132,1.0
43459,56,132,1.0
43464,56,132,4.0
43469,56,132,2.0
43472,56,132,1.0
43474,56,132,2.0
43477,56,132,2.0
43490,56,132,1.0
44110,56,132,1.0
44588,56,132,1.0
44677,56,132,1.0
48706,56,132,1.0
48709,56,132,1.0
48713,56,132,1.0
49287,56,132,1.0
35038,56,154,1.0
14003,56,172,1.0
13258,56,181,1.0
242,56,194,2.0
5395,56,194,2.0
5297,56,205,4.0
5325,56,205,2.0
13925,56,205,1.0
5288,56,265,1.0
13924,56,267,5.0
14003,56,272,2.0
13270,56,311,1.0
13273,56,311,1.0
13416,56,311,1.0
13418,56,311,1.0
35186,56,431,1.0
35204,56,431,2.0
35226,56,431,1.0
14333,56,778,1.0
5345,56,786,2.0
48091,56,791,2.0
43910,56,804,1.0
5302,56,819,1.0
5308,56,819,1.0
5315,56,819,2.0
5327,56,819,1.0
5329,56,819,1.0
5395,56,819,2.0
542,56,939,1.0
13263,56,939,2.0
13267,56,939,6.0
35039,56,939,2.0
35042,56,939,1.0
35090,56,939,1.0
35093,56,939,1.0
35113,56,939,1.0
35120,56,939,1.0
35212,56,939,2.0
35219,56,939,10.0
35244,56,939,1.0
43600,63,87,1.0
10019,63,95,1.0
1417,63,105,2.0
5338,63,116,1.0
5340,63,116,6.0
5347,63,116,7.0
5356,63,116,1.0
5360,63,116,17.0
9653,63,116,10.0
9666,63,116,2.0
9673,63,116,1.0
9697,63,116,1.0
9700,63,116,1.0
31940,63,122,1.0
36298,63,122,2.0
39314,63,122,1.0
18050,63,132,1.0
9788,63,150,1.0
17624,63,150,4.0
17629,63,150,3.0
17643,63,150,2.0
17651,63,150,3.0
17688,63,150,1.0
17717,63,150,1.0
17737,63,150,1.0
17749,63,150,1.0
17787,63,150,1.0
17792,63,150,1.0
17794,63,150,2.0
17852,63,150,1.0
17856,63,150,3.0
17860,63,150,1.0
17862,63,150,1.0
17956,63,150,2.0
17982,63,150,1.0
17989,63,150,1.0
18030,63,150,1.0
18032,63,150,1.0
18043,63,150,1.0
30985,63,150,1.0
31261,63,150,1.0
31359,63,150,3.0
31372,63,150,1.0
31374,63,150,1.0
35264,63,150,1.0
9730,63,153,1.0
9778,63,153,1.0
14475,63,153,1.0
35784,63,153,3.0
36154,63,153,1.0
39594,63,153,1.0
43620,63,153,2.0
43633,63,153,1.0
43651,63,153,2.0
43655,63,153,9.0
1356,63,154,1.0
9725,63,154,2.0
9781,63,154,1.0
35052,63,154,1.0
35084,63,154,1.0
35263,63,154,2.0
35266,63,154,1.0
36118,63,154,1.0
36148,63,154,5.0
36154,63,154,1.0
43928,63,154,1.0
43908,63,164,1.0
18740,63,205,1.0
34956,63,213,1.0
34959,63,213,1.0
30985,63,222,1.0
44272,63,223,1.0
18318,63,240,1.0
18740,63,267,1.0
812,63,271,1.0
35266,63,271,2.0
35736,63,271,1.0
30834,63,431,1.0
30534,63,448,1.0
474,63,481,1.0
483,63,481,5.0
489,63,481,2.0
493,63,481,3.0
498,63,481,2.0
502,63,481,1.0
695,63,481,1.0
810,63,481,1.0
1062,63,481,1.0
1402,63,481,2.0
1407,63,481,1.0
1423,63,481,2.0
1428,63,481,2.0
5061,63,481,1.0
5065,63,481,1.0
5247,63,481,3.0
5255,63,481,9.0
5265,63,481,1.0
5268,63,481,2.0
5272,63,481,11.0
5284,63,481,16.0
5301,63,481,1.0
5303,63,481,10.0
5318,63,481,1.0
5323,63,481,1.0
5327,63,481,1.0
5329,63,481,9.0
5344,63,481,1.0
5347,63,481,7.0
5359,63,481,1.0
5361,63,481,4.0
5366,63,481,8.0
5375,63,481,1.0
5377,63,481,1.0
5382,63,481,1.0
5387,63,481,5.0
5393,63,481,1.0
5395,63,481,4.0
5400,63,481,1.0
5402,63,481,1.0
5643,63,481,2.0
5651,63,481,2.0
5663,63,481,1.0
5668,63,481,1.0
6060,63,481,1.0
6065,63,481,1.0
6067,63,481,1.0
9301,63,481,1.0
9343,63,481,1.0
9447,63,481,1.0
9456,63,481,1.0
9458,63,481,1.0
9487,63,481,1.0
9556,63,481,1.0
9558,63,481,2.0
9576,63,481,3.0
9618,63,481,1.0
9620,63,481,1.0
9622,63,481,1.0
9656,63,481,1.0
9658,63,481,1.0
9703,63,481,2.0
9850,63,481,5.0
13232,63,481,1.0
13374,63,481,1.0
13376,63,481,1.0
13552,63,481,2.0
14026,63,481,1.0
14396,63,481,1.0
14402,63,481,1.0
14527,63,481,1.0
14704,63,481,1.0
14727,63,481,1.0
14731,63,481,1.0
17523,63,481,2.0
18040,63,481,2.0
18049,63,481,2.0
18746,63,481,1.0
30576,63,481,1.0
30660,63,481,1.0
30843,63,481,1.0
30984,63,481,1.0
31357,63,481,1.0
31373,63,481,1.0
31952,63,481,2.0
31960,63,481,1.0
31962,63,481,1.0
32030,63,481,2.0
34861,63,481,1.0
34887,63,481,1.0
34893,63,481,5.0
34922,63,481,2.0
34926,63,481,2.0
34929,63,481,1.0
34941,63,481,2.0
34988,63,481,1.0
34996,63,481,1.0
35004,63,481,2.0
35010,63,481,1.0
35063,63,481,1.0
35068,63,481,1.0
35070,63,481,2.0
35074,63,481,2.0
35087,63,481,2.0
35145,63,481,1.0
35158,63,481,1.0
35172,63,481,1.0
35209,63,481,1.0
35214,63,481,1.0
35650,63,481,6.0
35919,63,481,1.0
35979,63,481,1.0
35999,63,481,1.0
36301,63,481,1.0
39185,63,481,2.0
39189,63,481,1.0
39389,63,481,6.0
39396,63,481,3.0
39401,63,481,1.0
39403,63,481,1.0
39408,63,481,2.0
39551,63,481,1.0
39564,63,481,2.0
39567,63,481,1.0
43454,63,481,2.0
43466,63,481,1.0
43470,63,481,1.0
43472,63,481,4.0
43477,63,481,2.0
43480,63,481,1.0
43484,63,481,25.0
43520,63,481,1.0
43525,63,481,1.0
43558,63,481,1.0
43611,63,481,1.0
44135,63,481,1.0
44146,63,481,1.0
44182,63,481,4.0
44272,63,481,1.0
44292,63,481,9.0
44320,63,481,1.0
44410,63,481,1.0
44449,63,481,7.0
44457,63,481,1.0
44495,63,481,1.0
44521,63,481,3.0
44550,63,481,1.0
44561,63,481,1.0
44643,63,481,1.0
44857,63,481,1.0
47804,63,481,1.0
47807,63,481,3.0
47826,63,481,1.0
47829,63,481,1.0
47833,63,481,3.0
49004,63,481,1.0
17633,63,492,9.0
17647,63,492,1.0
17650,63,492,1.0
17664,63,492,2.0
17668,63,492,1.0
17674,63,492,1.0
17681,63,492,1.0
17688,63,492,1.0
17691,63,492,3.0
17698,63,492,3.0
17702,63,492,1.0
17704,63,492,1.0
17759,63,492,1.0
17761,63,492,6.0
17770,63,492,2.0
17789,63,492,2.0
17819,63,492,1.0
17841,63,492,1.0
17852,63,492,1.0
17893,63,492,4.0
17900,63,492,2.0
17903,63,492,2.0
17906,63,492,3.0
17935,63,492,1.0
17940,63,492,2.0
17943,63,492,2.0
17948,63,492,2.0
17954,63,492,1.0
17969,63,492,1.0
17983,63,492,3.0
17992,63,492,1.0
17997,63,492,1.0
17999,63,492,3.0
18009,63,492,5.0
18023,63,492,1.0
18030,63,492,1.0
5411,63,499,2.0
5414,63,499,1.0
9447,63,499,1.0
18570,63,499,1.0
31434,63,499,1.0
34899,63,499,1.0
43595,63,499,1.0
44291,63,499,1.0
44317,63,499,1.0
44762,63,499,2.0
14465,63,533,2.0
17630,63,533,1.0
17632,63,533,2.0
17648,63,533,1.0
17654,63,533,2.0
17663,63,533,2.0
17789,63,533,1.0
17909,63,533,1.0
18030,63,533,2.0
34898,63,533,1.0
34953,63,533,1.0
35227,63,533,3.0
35232,63,533,1.0
39382,63,533,1.0
44283,63,533,6.0
9786,63,601,3.0
31445,63,662,1.0
9232,63,709,1.0
9339,63,709,2.0
9454,63,709,1.0
9457,63,709,1.0
9459,63,709,1.0
9461,63,709,3.0
9475,63,709,1.0
9517,63,709,1.0
9535,63,709,1.0
9539,63,709,2.0
9547,63,709,1.0
9558,63,709,1.0
9576,63,709,1.0
9579,63,709,2.0
9593,63,709,1.0
9600,63,709,1.0
9657,63,709,2.0
9661,63,709,3.0
9665,63,709,3.0
9669,63,709,5.0
9675,63,709,1.0
9699,63,709,3.0
9704,63,709,3.0
9716,63,709,1.0
9721,63,709,2.0
10002,63,709,1.0
10089,63,709,1.0
13601,63,709,1.0
17621,63,709,1.0
17643,63,709,1.0
17775,63,709,1.0
18031,63,709,1.0
18516,63,709,1.0
30516,63,709,1.0
30518,63,709,1.0
30520,63,709,3.0
30524,63,709,1.0
30530,63,709,1.0
30532,63,709,1.0
31498,63,709,1.0
31500,63,709,1.0
31770,63,709,1.0
31775,63,709,2.0
31942,63,709,2.0
31945,63,709,1.0
31947,63,709,1.0
32032,63,709,1.0
34961,63,709,2.0
34990,63,709,1.0
34992,63,709,2.0
35003,63,709,1.0
35007,63,709,1.0
35009,63,709,1.0
35024,63,709,1.0
35028,63,709,2.0
35665,63,709,4.0
35674,63,709,1.0
35681,63,709,1.0
35929,63,709,2.0
35998,63,709,10.0
39125,63,709,1.0
39327,63,709,1.0
39379,63,709,3.0
39383,63,709,4.0
39425,63,709,1.0
39427,63,709,3.0
39433,63,709,2.0
39506,63,709,1.0
44158,63,709,1.0
44389,63,709,1.0
44550,63,709,2.0
44553,63,709,3.0
44638,63,709,1.0
47792,63,709,1.0
47801,63,709,2.0
47820,63,709,1.0
48228,63,709,2.0
35156,63,765,1.0
35052,63,779,1.0
785,66,102,6.0
933,66,102,1.0
938,66,179,1.0
782,66,196,1.0
777,66,209,1.0
783,66,209,1.0
785,66,209,2.0
790,66,209,1.0
952,66,804,1.0
1037,79,95,1.0
1049,79,95,1.0
971,79,102,1.0
120,79,122,1.0
31769,79,122,1.0
31772,79,122,1.0
31775,79,122,2.0
31778,79,122,1.0
31780,79,122,1.0
31783,79,122,1.0
31791,79,122,1.0
31797,79,122,1.0
31805,79,122,9.0
31815,79,122,10.0
31828,79,122,2.0
31831,79,122,3.0
31835,79,122,4.0
31886,79,122,1.0
31905,79,122,2.0
8784,79,123,11.0
8797,79,123,4.0
8803,79,123,1.0
8807,79,123,1.0
8809,79,123,2.0
8813,79,123,1.0
13262,79,123,1.0
13287,79,123,1.0
13289,79,123,1.0
13301,79,123,1.0
31328,79,123,1.0
35717,79,123,1.0
39040,79,123,1.0
39068,79,123,3.0
39074,79,123,2.0
43616,79,123,1.0
43671,79,123,6.0
43679,79,123,1.0
48456,79,132,23.0
39860,79,154,1.0
48,79,181,1.0
40175,79,196,1.0
4530,79,222,1.0
4534,79,222,2.0
4556,79,222,2.0
5102,79,222,1.0
9484,79,222,6.0
9497,79,222,1.0
9500,79,222,1.0
9709,79,222,2.0
10167,79,222,1.0
31086,79,222,1.0
39859,79,222,1.0
39863,79,222,1.0
39865,79,222,7.0
39876,79,222,2.0
48784,79,222,2.0
375,79,253,1.0
35389,79,253,1.0
39683,79,253,1.0
43623,79,253,2.0
43656,79,253,1.0
43661,79,253,2.0
43669,79,253,1.0
31329,79,267,1.0
288,79,275,1.0
6158,79,285,1.0
961,79,311,1.0
31040,79,311,1.0
31883,79,533,1.0
31165,79,662,1.0
31025,79,765,1.0
926,79,804,1.0
937,79,804,2.0
9455,79,804,1.0
36325,79,804,1.0
39802,79,804,1.0
5135,79,826,1.0
78,80,95,1.0
30609,80,101,1.0
13250,80,102,1.0
39984,80,102,2.0
43526,80,102,1.0
47726,80,102,1.0
79,80,118,1.0
31019,80,134,1.0
5308,80,153,1.0
14022,80,172,1.0
38954,80,211,1.0
48507,80,213,1.0
768,80,222,1.0
780,80,222,1.0
797,80,222,6.0
811,80,222,3.0
815,80,222,2.0
822,80,222,1.0
827,80,222,1.0
854,80,222,1.0
876,80,222,1.0
932,80,222,2.0
941,80,222,1.0
31052,80,222,1.0
31185,80,222,1.0
31195,80,222,2.0
31200,80,222,1.0
31203,80,222,2.0
18160,80,223,1.0
18060,80,240,1.0
18062,80,240,1.0
73,80,253,1.0
35376,80,255,1.0
31063,80,275,1.0
44269,80,285,5.0
44276,80,285,3.0
44282,80,285,1.0
808,80,311,1.0
882,80,311,2.0
5369,80,311,1.0
9431,80,311,1.0
18161,80,311,1.0
18170,80,311,1.0
31059,80,311,1.0
39756,80,311,1.0
39782,80,311,2.0
5465,80,335,1.0
5481,80,335,1.0
13814,80,431,1.0
832,80,494,4.0
18158,80,494,1.0
9423,80,662,1.0
31054,80,662,1.0
1347,80,762,1.0
785,80,765,2.0
790,80,765,1.0
792,80,765,4.0
813,80,765,3.0
822,80,765,1.0
824,80,765,3.0
828,80,765,8.0
888,80,765,1.0
48407,80,765,1.0
4442,80,771,1.0
5589,80,771,1.0
17731,80,804,1.0
39802,80,804,1.0
48415,80,804,1.0
5135,80,826,1.0
4618,80,875,1.0
31740,80,875,2.0
31743,80,875,2.0
31746,80,875,3.0
31759,80,875,1.0
39075,80,875,1.0
43458,87,265,3.0
44268,87,265,2.0
44271,87,265,2.0
44491,87,875,1.0
14051,95,113,1.0
9104,95,116,1.0
78,95,118,6.0
4910,95,120,3.0
10493,95,120,14.0
10508,95,120,8.0
268,95,123,1.0
1740,95,123,9.0
4572,95,123,1.0
13445,95,123,9.0
13455,95,123,20.0
13476,95,123,4.0
13574,95,123,1.0
13580,95,123,1.0
13583,95,123,2.0
13593,95,123,2.0
13598,95,123,2.0
14338,95,123,1.0
14351,95,123,1.0
14379,95,123,5.0
14387,95,123,2.0
14394,95,123,1.0
14402,95,123,1.0
14407,95,123,2.0
14435,95,123,3.0
14499,95,123,1.0
14550,95,123,1.0
18049,95,123,1.0
18442,95,123,1.0
18575,95,123,2.0
18681,95,123,1.0
18818,95,123,1.0
18826,95,123,2.0
31919,95,123,21.0
44272,95,123,1.0
19001,95,172,2.0
1041,95,181,1.0
44241,95,181,1.0
737,95,194,1.0
741,95,194,3.0
1681,95,194,9.0
1694,95,194,4.0
5379,95,194,4.0
13231,95,194,3.0
13235,95,194,1.0
13242,95,194,2.0
31147,95,194,2.0
31152,95,194,4.0
31157,95,194,10.0
35257,95,194,2.0
43456,95,194,1.0
44875,95,194,1.0
44893,95,194,3.0
260,95,205,1.0
4913,95,205,1.0
4923,95,205,1.0
13424,95,205,1.0
10490,95,222,3.0
40491,95,222,4.0
40499,95,222,3.0
40504,95,222,1.0
40506,95,222,1.0
40509,95,222,1.0
40512,95,222,1.0
48102,95,222,1.0
5297,95,223,1.0
5816,95,223,2.0
47773,95,223,1.0
48284,95,223,1.0
4589,95,242,1.0
18298,95,242,1.0
1742,95,253,1.0
5406,95,253,1.0
13310,95,253,1.0
31916,95,253,2.0
35780,95,253,1.0
40408,95,253,2.0
5618,95,265,3.0
13927,95,267,2.0
35998,95,267,3.0
78,95,311,6.0
260,95,311,1.0
262,95,311,2.0
4930,95,311,1.0
4934,95,311,2.0
4937,95,311,62.0
5007,95,311,16.0
13414,95,311,1.0
14245,95,311,1.0
18375,95,311,1.0
18396,95,311,1.0
18827,95,311,2.0
44891,95,311,1.0
44896,95,311,1.0
14505,95,494,1.0
1514,95,496,1.0
5815,95,496,1.0
36322,95,603,1.0
36324,95,603,4.0
36329,95,603,1.0
36332,95,603,1.0
40232,95,662,1.0
40236,95,662,2.0
40239,95,662,8.0
40249,95,662,1.0
44233,95,662,1.0
13752,95,765,2.0
81,95,771,3.0
1057,95,786,1.0
587,95,819,1.0
44245,95,819,1.0
44248,95,819,1.0
44252,95,819,2.0
44265,95,819,1.0
13927,95,939,2.0
43450,95,939,2.0
36235,101,102,1.0
36209,101,134,1.0
30608,101,179,1.0
30611,101,179,1.0
30613,101,179,1.0
30623,101,179,1.0
30629,101,179,10.0
30640,101,179,3.0
30644,101,179,2.0
30647,101,179,50.0
30699,101,179,7.0
30707,101,179,50.0
30758,101,179,43.0
30802,101,179,4.0
30807,101,179,2.0
30812,101,179,2.0
30815,101,179,4.0
30820,101,179,2.0
30828,101,179,4.0
30837,101,179,1.0
30842,101,179,2.0
30845,101,179,2.0
30848,101,179,1.0
30859,101,179,1.0
30864,101,179,1.0
30866,101,179,2.0
30872,101,179,6.0
40092,101,179,2.0
40096,101,179,8.0
40105,101,179,3.0
40110,101,179,23.0
40134,101,179,8.0
40151,101,179,2.0
39091,101,209,1.0
39929,101,253,1.0
31251,101,431,1.0
31263,101,431,1.0
35882,101,431,2.0
34911,101,511,4.0
34918,101,511,1.0
34922,101,511,1.0
34924,101,511,6.0
34931,101,511,4.0
34937,101,511,8.0
34946,101,511,4.0
34951,101,511,2.0
34956,101,511,1.0
34961,101,511,4.0
34966,101,511,6.0
34973,101,511,1.0
34975,101,511,3.0
34979,101,511,1.0
34981,101,511,2.0
34984,101,511,2.0
34987,101,511,1.0
34991,101,511,3.0
35001,101,511,1.0
35006,101,511,1.0
35012,101,511,1.0
35015,101,511,3.0
35024,101,511,4.0
35032,101,511,1.0
35034,101,511,1.0
35037,101,511,1.0
35039,101,511,1.0
35042,101,511,4.0
35047,101,511,1.0
35051,101,511,1.0
35054,101,511,1.0
35195,101,511,1.0
9584,101,662,1.0
39096,101,804,1.0
39074,101,875,1.0
39079,101,875,12.0
10574,102,131,1.0
14495,102,131,1.0
31539,102,131,2.0
31542,102,131,8.0
31551,102,131,2.0
31557,102,131,2.0
31563,102,131,1.0
31568,102,131,1.0
31570,102,131,4.0
31575,102,131,5.0
31590,102,131,1.0
31599,102,131,2.0
35447,102,131,1.0
787,102,179,4.0
39795,102,179,1.0
13973,102,223,1.0
993,102,240,2.0
955,102,271,1.0
4629,102,335,2.0
5422,102,335,1.0
5427,102,335,1.0
34937,102,335,1.0
36236,102,335,1.0
34743,102,448,1.0
955,102,601,1.0
5724,102,762,1.0
13380,102,762,1.0
31252,102,762,1.0
13327,102,771,2.0
35105,102,804,1.0
35110,102,804,1.0
35112,102,804,1.0
35116,102,804,2.0
35135,102,804,5.0
35239,102,804,1.0
35244,102,804,1.0
35254,102,804,1.0
35280,102,804,1.0
35284,102,804,1.0
35324,102,804,2.0
35331,102,804,1.0
35424,102,804,3.0
35443,102,804,1.0
35446,102,804,1.0
47879,102,804,1.0
31505,102,875,1.0
35925,102,875,1.0
39174,102,875,1.0
609,105,113,1.0
639,105,113,1.0
643,105,113,1.0
660,105,113,1.0
663,105,113,1.0
683,105,113,1.0
735,105,113,1.0
744,105,113,3.0
793,105,113,1.0
9091,105,113,2.0
9097,105,113,4.0
9102,105,113,1.0
9104,105,113,2.0
9109,105,113,19.0
9136,105,113,10.0
9147,105,113,5.0
9156,105,113,2.0
9161,105,113,1.0
9172,105,113,4.0
9177,105,113,3.0
9185,105,113,1.0
9187,105,113,5.0
9196,105,113,16.0
9214,105,113,1.0
9218,105,113,1.0
9224,105,113,2.0
9246,105,113,5.0
9252,105,113,3.0
9257,105,113,2.0
9260,105,113,2.0
9263,105,113,1.0
9265,105,113,1.0
9283,105,113,1.0
9287,105,113,1.0
9290,105,113,1.0
9294,105,113,5.0
9300,105,113,1.0
9302,105,113,6.0
9312,105,113,1.0
14447,105,113,2.0
14672,105,113,1.0
18072,105,113,1.0
18115,105,113,1.0
18124,105,113,1.0
18126,105,113,1.0
18161,105,113,1.0
18168,105,113,1.0
18170,105,113,1.0
18172,105,113,2.0
18178,105,113,1.0
18189,105,113,1.0
18191,105,113,1.0
31552,105,113,1.0
31666,105,113,1.0
31669,105,113,2.0
31672,105,113,1.0
31674,105,113,1.0
31738,105,113,1.0
31774,105,113,5.0
31780,105,113,1.0
31826,105,113,1.0
35229,105,113,1.0
35260,105,113,1.0
44551,105,113,2.0
44554,105,113,7.0
18071,105,181,5.0
18085,105,181,1.0
18092,105,181,2.0
31002,105,181,1.0
31005,105,181,1.0
31007,105,181,1.0
31009,105,181,1.0
31016,105,181,2.0
31026,105,181,1.0
31056,105,181,3.0
31060,105,181,1.0
31121,105,181,1.0
18077,105,240,1.0
13424,105,267,1.0
13727,105,267,1.0
14018,105,267,1.0
17611,105,267,1.0
864,105,275,1.0
703,105,513,1.0
13380,105,513,3.0
14503,105,513,1.0
14574,105,513,1.0
14601,105,513,1.0
17631,105,513,1.0
18082,105,513,2.0
18089,105,513,1.0
18098,105,513,1.0
18101,105,513,1.0
18198,105,513,1.0
18211,105,513,1.0
19109,105,513,1.0
30287,105,513,1.0
30362,105,513,1.0
30463,105,513,2.0
30988,105,513,2.0
31136,105,513,1.0
31329,105,513,1.0
35218,105,513,2.0
47905,105,513,1.0
48079,105,513,1.0
48082,105,513,1.0
43759,105,779,1.0
48218,105,804,1.0
8807,113,120,1.0
13144,113,120,1.0
39099,113,172,1.0
18102,113,181,1.0
44505,113,181,1.0
906,113,194,1.0
910,113,194,1.0
912,113,194,1.0
13712,113,194,1.0
13715,113,194,1.0
13754,113,194,3.0
30429,113,194,1.0
30578,113,194,1.0
43424,113,194,3.0
43436,113,194,2.0
43439,113,194,1.0
43444,113,194,1.0
43616,113,194,1.0
44908,113,194,2.0
1479,113,223,1.0
905,113,242,1.0
909,113,242,3.0
14385,113,242,1.0
39190,113,496,1.0
661,113,513,1.0
668,113,513,1.0
692,113,513,1.0
765,113,513,1.0
18163,113,513,1.0
35168,113,513,1.0
13959,113,662,1.0
43388,113,779,1.0
43542,113,939,2.0
43545,113,939,6.0
340,116,123,1.0
13405,116,134,1.0
10163,116,150,1.0
9033,116,211,1.0
9035,116,211,1.0
9689,116,211,2.0
9692,116,211,2.0
10020,116,211,2.0
5379,116,222,1.0
9039,116,265,1.0
9693,116,265,1.0
13831,116,265,2.0
13923,116,267,1.0
14395,116,311,2.0
4737,116,335,2.0
13292,116,335,2.0
13299,116,335,1.0
1362,116,481,1.0
1373,116,481,1.0
9659,116,709,2.0
9667,116,709,1.0
9701,116,709,1.0
9862,116,709,1.0
10216,116,709,1.0
13818,116,751,1.0
13832,116,751,1.0
1289,116,762,1.0
4738,116,762,1.0
13301,116,762,1.0
14147,116,762,2.0
14124,116,771,1.0
587,116,778,1.0
4718,116,778,1.0
9107,116,778,1.0
451,116,826,1.0
44194,118,164,1.0
8910,118,184,1.0
8916,118,184,1.0
8928,118,184,1.0
8943,118,184,2.0
8948,118,184,3.0
9033,118,184,1.0
9035,118,184,1.0
9042,118,184,1.0
5946,118,209,1.0
9592,118,209,1.0
8904,118,268,1.0
78,118,311,6.0
81,118,771,2.0
5453,118,804,1.0
9051,118,804,1.0
39110,118,804,2.0
39115,118,804,2.0
39119,118,804,1.0
43802,119,132,2.0
14104,119,134,1.0
13356,119,150,1.0
31814,119,154,2.0
18373,119,209,1.0
4756,119,211,1.0
43790,119,240,5.0
43796,119,240,1.0
43799,119,240,1.0
679,119,275,1.0
1065,119,275,1.0
1314,119,275,2.0
1356,119,275,2.0
14027,119,275,1.0
14525,119,275,2.0
14585,119,275,1.0
14589,119,275,2.0
39901,119,275,2.0
688,119,335,1.0
9637,119,335,4.0
9647,119,335,1.0
14105,119,335,1.0
31263,119,431,1.0
4722,119,448,1.0
4725,119,448,2.0
4878,119,448,2.0
4959,119,448,1.0
4970,119,448,1.0
4984,119,448,2.0
4987,119,448,1.0
4992,119,448,1.0
5380,119,448,4.0
6193,119,448,3.0
13372,119,448,2.0
31416,119,448,1.0
31421,119,448,2.0
31650,119,448,1.0
14120,119,492,1.0
44507,119,499,2.0
6193,119,533,2.0
14139,119,533,4.0
14148,119,533,1.0
14153,119,533,1.0
14180,119,533,1.0
14192,119,533,1.0
14210,119,533,3.0
14263,119,533,8.0
14285,119,533,1.0
14330,119,533,1.0
14335,119,533,1.0
14339,119,533,3.0
14346,119,533,1.0
14357,119,533,1.0
14362,119,533,2.0
14365,119,533,1.0
14367,119,533,1.0
14373,119,533,4.0
14378,119,533,1.0
14395,119,533,1.0
31506,119,533,2.0
31647,119,533,3.0
1086,119,762,1.0
4999,119,762,1.0
5001,119,762,2.0
5006,119,762,1.0
13171,119,762,2.0
31636,119,762,1.0
14565,119,771,2.0
14569,119,771,5.0
14575,119,771,2.0
4712,119,778,1.0
4916,119,804,1.0
10124,119,804,1.0
13089,119,804,2.0
14035,119,804,1.0
14521,119,804,1.0
17476,119,804,1.0
17924,119,804,1.0
38916,119,804,1.0
40055,119,804,2.0
40529,119,804,1.0
40575,119,804,1.0
43359,119,804,3.0
43363,119,804,2.0
43497,119,804,1.0
43757,119,804,2.0
43769,119,804,1.0
1014,119,875,1.0
44491,119,875,1.0
13952,120,132,1.0
13955,120,132,1.0
13960,120,132,4.0
13969,120,132,3.0
13974,120,132,4.0
13992,120,132,3.0
296,120,172,1.0
305,120,172,1.0
372,120,172,2.0
476,120,172,2.0
640,120,172,1.0
5758,120,172,2.0
8864,120,172,1.0
8868,120,172,1.0
9040,120,172,1.0
9180,120,172,6.0
9255,120,172,1.0
9262,120,172,1.0
39099,120,172,1.0
39591,120,172,1.0
40013,120,172,1.0
40069,120,172,1.0
40114,120,172,1.0
13980,120,181,1.0
13954,120,194,15.0
13970,120,194,1.0
13973,120,194,1.0
13978,120,194,1.0
13980,120,194,2.0
13986,120,194,4.0
13991,120,194,4.0
34806,120,194,1.0
4759,120,196,5.0
4773,120,196,3.0
4945,120,196,1.0
6116,120,196,1.0
8853,120,196,1.0
35856,120,196,2.0
5342,120,205,1.0
299,120,223,1.0
31025,120,253,2.0
31028,120,253,4.0
43994,120,265,1.0
5305,120,267,1.0
635,120,311,1.0
642,120,311,1.0
1109,120,494,5.0
1115,120,494,12.0
1129,120,494,5.0
1141,120,494,12.0
1157,120,494,18.0
1204,120,494,1.0
1212,120,494,2.0
1249,120,494,1.0
1254,120,494,1.0
1292,120,494,1.0
1294,120,494,3.0
1302,120,494,1.0
1304,120,494,1.0
1311,120,494,1.0
1314,120,494,2.0
1319,120,494,2.0
1337,120,494,5.0
1343,120,494,2.0
1346,120,494,4.0
1351,120,494,2.0
1355,120,494,1.0
1362,120,494,1.0
1368,120,494,2.0
1372,120,494,2.0
1378,120,494,5.0
1551,120,494,3.0
1561,120,494,1.0
1595,120,494,6.0
1604,120,494,1.0
1627,120,494,1.0
1783,120,494,1.0
4857,120,494,19.0
4878,120,494,1.0
4887,120,494,5.0
4894,120,494,3.0
5344,120,494,1.0
5346,120,494,1.0
5350,120,494,3.0
5354,120,494,6.0
5361,120,494,2.0
5368,120,494,11.0
5608,120,494,2.0
5808,120,494,1.0
5863,120,494,1.0
5866,120,494,1.0
6159,120,494,2.0
8820,120,494,1.0
31321,120,494,1.0
31375,120,494,1.0
31379,120,494,1.0
31381,120,494,1.0
31408,120,494,3.0
31412,120,494,1.0
31423,120,494,1.0
31435,120,494,2.0
31444,120,494,2.0
31454,120,494,7.0
31463,120,494,4.0
31501,120,494,1.0
31504,120,494,3.0
31509,120,494,1.0
31234,120,603,1.0
31237,120,603,2.0
13954,120,662,2.0
13957,120,662,1.0
13991,120,662,3.0
34710,120,662,1.0
1734,120,765,2.0
1739,120,765,1.0
1743,120,765,2.0
1760,120,765,3.0
1764,120,765,2.0
1771,120,765,3.0
1777,120,765,1.0
34761,120,779,3.0
177,120,819,1.0
4489,120,819,2.0
4502,120,819,1.0
4505,120,819,3.0
4515,120,819,3.0
5628,120,819,1.0
5642,120,819,2.0
5653,120,819,6.0
5676,120,819,1.0
13083,120,819,1.0
13092,120,819,2.0
13095,120,819,2.0
13099,120,819,1.0
13102,120,819,1.0
13133,120,819,2.0
30416,120,819,1.0
30471,120,819,3.0
30478,120,819,1.0
30480,120,819,1.0
31634,120,819,1.0
31641,120,819,1.0
31760,120,819,1.0
31766,120,819,1.0
40114,120,819,2.0
40128,120,819,1.0
14004,120,987,1.0
39820,120,987,1.0
39963,120,987,1.0
44901,120,987,1.0
35994,122,153,1.0
36033,122,153,1.0
36035,122,153,1.0
40030,122,153,2.0
40059,122,153,2.0
40091,122,153,1.0
40463,122,153,2.0
44009,122,153,2.0
44773,122,153,1.0
44784,122,153,1.0
44810,122,153,2.0
30570,122,154,2.0
31685,122,154,3.0
31691,122,154,1.0
31693,122,154,1.0
31698,122,154,5.0
34804,122,154,5.0
34932,122,154,1.0
35940,122,154,3.0
35973,122,154,2.0
36199,122,154,1.0
36207,122,154,1.0
39055,122,154,1.0
39646,122,154,3.0
40151,122,154,2.0
40156,122,154,1.0
40166,122,154,1.0
40400,122,154,2.0
40403,122,154,1.0
40408,122,154,1.0
40428,122,154,1.0
40687,122,154,2.0
40690,122,154,2.0
43538,122,154,4.0
43554,122,154,3.0
43953,122,154,1.0
44890,122,154,1.0
44892,122,154,4.0
44900,122,154,1.0
44905,122,154,3.0
44909,122,154,1.0
48040,122,154,4.0
48055,122,154,1.0
44249,122,164,1.0
34825,122,255,1.0
34836,122,255,1.0
34838,122,255,1.0
30546,122,271,3.0
30551,122,271,2.0
30556,122,271,1.0
34731,122,271,1.0
35913,122,271,1.0
35983,122,271,2.0
35986,122,271,1.0
35988,122,271,3.0
40688,122,271,1.0
151,122,448,4.0
30687,122,448,3.0
30418,122,533,8.0
30427,122,533,1.0
31802,122,533,2.0
31805,122,533,1.0
31810,122,533,9.0
31821,122,533,4.0
31828,122,533,2.0
31831,122,533,1.0
31843,122,533,3.0
31850,122,533,1.0
31857,122,533,1.0
31883,122,533,2.0
31890,122,533,1.0
31892,122,533,5.0
31898,122,533,2.0
34959,122,533,1.0
39083,122,533,3.0
39092,122,533,2.0
40397,122,533,2.0
44249,122,533,3.0
35985,122,709,1.0
48193,123,150,3.0
48197,123,150,4.0
48204,123,150,4.0
48210,123,150,6.0
48223,123,150,4.0
48295,123,150,1.0
48293,123,153,2.0
933,123,164,1.0
44168,123,164,4.0
44176,123,164,15.0
44192,123,164,18.0
44213,123,164,2.0
5407,123,172,2.0
19055,123,172,1.0
39971,123,172,1.0
43596,123,172,1.0
39326,123,184,2.0
39359,123,184,1.0
13366,123,194,1.0
10324,123,222,2.0
10328,123,222,1.0
10331,123,222,2.0
4713,123,223,3.0
4718,123,223,2.0
4721,123,223,44.0
14032,123,223,4.0
14093,123,223,1.0
14275,123,223,1.0
31169,123,223,1.0
31655,123,223,1.0
39849,123,223,1.0
44069,123,223,1.0
48918,123,223,1.0
48921,123,223,1.0
48960,123,223,1.0
349,123,253,1.0
353,123,253,1.0
358,123,253,1.0
400,123,253,1.0
547,123,253,1.0
580,123,253,1.0
587,123,253,1.0
661,123,253,2.0
675,123,253,2.0
678,123,253,1.0
778,123,253,1.0
781,123,253,1.0
801,123,253,2.0
831,123,253,1.0
841,123,253,1.0
877,123,253,2.0
1097,123,253,1.0
1126,123,253,1.0
1129,123,253,2.0
1147,123,253,1.0
1157,123,253,3.0
1253,123,253,2.0
1318,123,253,2.0
1409,123,253,4.0
1528,123,253,3.0
1532,123,253,1.0
1534,123,253,3.0
1544,123,253,1.0
1623,123,253,1.0
1626,123,253,1.0
1728,123,253,2.0
1742,123,253,1.0
1759,123,253,2.0
1762,123,253,5.0
4683,123,253,2.0
4711,123,253,1.0
5362,123,253,1.0
6134,123,253,1.0
6137,123,253,1.0
6139,123,253,1.0
6141,123,253,1.0
13654,123,253,6.0
13665,123,253,1.0
17651,123,253,2.0
17655,123,253,3.0
17922,123,253,1.0
18036,123,253,2.0
31919,123,253,1.0
31947,123,253,3.0
31955,123,253,1.0
34941,123,253,1.0
35046,123,253,1.0
35082,123,253,1.0
35135,123,253,1.0
39362,123,253,1.0
39458,123,253,1.0
39819,123,253,2.0
39849,123,253,1.0
39852,123,253,1.0
39860,123,253,1.0
39863,123,253,1.0
39872,123,253,1.0
39874,123,253,1.0
39887,123,253,1.0
39890,123,253,6.0
39897,123,253,1.0
39903,123,253,1.0
39906,123,253,1.0
39909,123,253,1.0
39914,123,253,1.0
39920,123,253,4.0
40411,123,253,1.0
40434,123,253,1.0
40437,123,253,1.0
40721,123,253,1.0
43618,123,253,2.0
43623,123,253,1.0
43663,123,253,1.0
43687,123,253,1.0
43703,123,253,1.0
43706,123,253,2.0
43710,123,253,41.0
43755,123,253,6.0
43765,123,253,14.0
43782,123,253,9.0
43793,123,253,7.0
43801,123,253,2.0
43806,123,253,5.0
43815,123,253,10.0
43826,123,253,14.0
43843,123,253,1.0
43845,123,253,7.0
43854,123,253,3.0
43865,123,253,3.0
43869,123,253,1.0
43874,123,253,2.0
43877,123,253,1.0
43879,123,253,8.0
43898,123,253,4.0
43905,123,253,1.0
43907,123,253,7.0
43917,123,253,4.0
43924,123,253,1.0
44127,123,253,1.0
44146,123,253,1.0
44153,123,253,1.0
44155,123,253,3.0
44160,123,253,1.0
44180,123,253,3.0
44186,123,253,4.0
44191,123,253,4.0
44196,123,253,2.0
44239,123,253,1.0
39928,123,255,1.0
48294,123,271,1.0
39071,123,273,1.0
18532,123,311,2.0
18578,123,311,1.0
18788,123,311,1.0
18791,123,311,1.0
18814,123,311,1.0
18816,123,311,2.0
18822,123,311,2.0
18828,123,311,1.0
18830,123,311,2.0
13334,123,335,1.0
4558,123,492,1.0
48664,123,533,1.0
44153,123,743,1.0
44158,123,743,1.0
44148,123,765,1.0
35538,123,804,1.0
77,123,845,12.0
91,123,845,1.0
4760,131,150,18.0
8900,131,184,1.0
4820,131,185,1.0
14015,131,205,1.0
4738,131,242,1.0
4745,131,242,1.0
34813,131,255,1.0
34816,131,255,1.0
36220,131,255,1.0
4777,131,271,1.0
30795,131,273,1.0
14048,131,311,2.0
14171,131,311,1.0
5098,131,751,1.0
5021,131,778,1.0
14402,131,778,1.0
35396,131,804,1.0
35418,131,804,3.0
35424,131,804,1.0
35446,131,804,2.0
5980,131,826,1.0
5983,131,826,1.0
10168,131,826,1.0
30782,131,826,1.0
30789,131,826,1.0
35608,131,826,1.0
14892,131,845,1.0
14896,131,845,6.0
14903,131,845,5.0
14909,131,845,1.0
14911,131,845,2.0
14914,131,845,1.0
14916,131,845,1.0
14920,131,845,1.0
14414,131,875,1.0
43796,132,164,3.0
43805,132,164,1.0
43821,132,164,1.0
43832,132,164,1.0
31223,132,172,1.0
48416,132,172,3.0
48430,132,172,1.0
48435,132,172,1.0
48440,132,172,1.0
13950,132,194,1.0
13955,132,194,1.0
13961,132,194,1.0
13968,132,194,4.0
13973,132,194,3.0
13988,132,194,2.0
13993,132,194,2.0
30473,132,194,1.0
48251,132,268,1.0
14451,132,496,1.0
13969,132,603,1.0
43719,132,603,1.0
13952,132,662,1.0
13955,132,662,1.0
13960,132,662,1.0
13978,132,662,1.0
44106,132,779,1.0
35549,134,179,1.0
35552,134,179,1.0
13407,134,184,13.0
13421,134,184,1.0
44236,134,184,2.0
790,134,209,1.0
798,134,240,2.0
802,134,240,1.0
1045,134,240,1.0
31026,134,253,1.0
31031,134,253,1.0
13404,134,265,1.0
31324,134,267,1.0
13407,134,268,1.0
14436,134,275,1.0
801,134,285,2.0
1213,134,285,1.0
4663,134,285,3.0
4731,134,285,1.0
4734,134,285,2.0
4738,134,285,1.0
4753,134,285,2.0
4766,134,285,1.0
44035,134,285,8.0
44044,134,285,3.0
44051,134,285,2.0
44055,134,285,1.0
43977,134,311,1.0
43983,134,311,1.0
13832,134,431,5.0
13838,134,431,1.0
14436,134,431,1.0
14481,134,431,1.0
14483,134,431,1.0
35569,134,431,5.0
35577,134,431,1.0
35579,134,431,5.0
44035,134,431,1.0
31032,134,494,1.0
800,134,496,1.0
13419,134,496,1.0
31325,134,513,1.0
13419,134,662,1.0
48016,134,709,1.0
13407,134,751,1.0
13412,134,751,4.0
13419,134,751,1.0
13421,134,751,2.0
13424,134,751,1.0
44232,134,751,2.0
44236,134,751,2.0
44243,134,751,1.0
44245,134,751,2.0
44248,134,751,1.0
44251,134,751,3.0
44257,134,751,5.0
44263,134,751,2.0
44266,134,751,3.0
44270,134,751,7.0
44278,134,751,2.0
1266,134,762,1.0
13257,134,762,1.0
14178,134,762,1.0
14180,134,762,3.0
31031,134,765,1.0
43974,134,765,1.0
43977,134,765,1.0
13256,134,784,5.0
31023,134,784,2.0
43634,134,784,3.0
43638,134,784,1.0
43640,134,784,2.0
43643,134,784,3.0
43647,134,784,8.0
43657,134,784,2.0
47729,134,784,1.0
13406,134,804,1.0
35496,134,804,1.0
35500,134,804,1.0
35532,134,804,1.0
34884,134,875,1.0
34886,134,875,6.0
43958,134,875,12.0
9374,150,153,1.0
35182,150,153,1.0
35998,150,153,1.0
36021,150,153,1.0
36154,150,153,1.0
39543,150,153,1.0
40144,150,153,1.0
48699,150,153,1.0
48849,150,153,1.0
742,150,154,4.0
747,150,154,1.0
750,150,154,4.0
756,150,154,2.0
4403,150,154,1.0
4582,150,154,2.0
17628,150,154,1.0
34941,150,154,1.0
35264,150,154,1.0
39097,150,154,4.0
59,150,196,1.0
8901,150,209,1.0
18712,150,213,1.0
30991,150,223,1.0
275,150,271,2.0
4777,150,271,9.0
4788,150,271,2.0
4796,150,271,6.0
14428,150,271,1.0
17674,150,271,1.0
31042,150,271,1.0
35825,150,271,1.0
35985,150,271,4.0
36155,150,271,1.0
39512,150,271,1.0
40241,150,271,9.0
40334,150,271,7.0
40342,150,271,4.0
1607,150,285,2.0
44039,150,448,1.0
5836,150,481,1.0
14030,150,481,2.0
18794,150,481,1.0
30418,150,481,1.0
31261,150,481,1.0
31360,150,481,1.0
48845,150,481,1.0
13139,150,499,1.0
14173,150,499,2.0
17563,150,499,1.0
17569,150,499,1.0
34700,150,499,1.0
40114,150,499,1.0
40121,150,499,1.0
40129,150,499,1.0
43274,150,499,1.0
4677,150,533,2.0
4687,150,533,2.0
4694,150,533,3.0
4700,150,533,1.0
4702,150,533,4.0
4708,150,533,1.0
4710,150,533,1.0
4712,150,533,1.0
4722,150,533,2.0
4726,150,533,3.0
4730,150,533,1.0
4732,150,533,1.0
17438,150,533,2.0
17454,150,533,1.0
17542,150,533,1.0
17556,150,533,2.0
17632,150,533,1.0
17785,150,533,1.0
17989,150,533,2.0
30546,150,533,4.0
34701,150,533,5.0
34707,150,533,1.0
34740,150,533,2.0
34750,150,533,4.0
34761,150,533,3.0
34775,150,533,4.0
34781,150,533,4.0
34815,150,533,1.0
34817,150,533,2.0
34820,150,533,2.0
34831,150,533,3.0
34839,150,533,6.0
34846,150,533,4.0
34851,150,533,3.0
34856,150,533,10.0
34867,150,533,2.0
34874,150,533,10.0
34887,150,533,1.0
34903,150,533,1.0
34943,150,533,1.0
34945,150,533,3.0
34976,150,533,1.0
39120,150,533,1.0
43323,150,533,1.0
43343,150,533,1.0
43362,150,533,1.0
47869,150,533,11.0
47887,150,533,1.0
47889,150,533,1.0
47892,150,533,1.0
47896,150,533,11.0
47922,150,533,2.0
47944,150,533,1.0
48678,150,533,2.0
48717,150,533,1.0
48790,150,533,1.0
293,150,601,1.0
406,150,601,1.0
17626,150,601,1.0
17630,150,601,1.0
17653,150,601,1.0
17667,150,601,1.0
17673,150,601,1.0
17790,150,601,1.0
17808,150,601,1.0
17820,150,601,1.0
30450,150,601,1.0
30460,150,601,1.0
31121,150,601,1.0
49274,150,601,2.0
49292,150,601,1.0
49311,150,601,1.0
49318,150,601,1.0
49328,150,601,2.0
49331,150,601,1.0
49380,150,601,2.0
8903,150,709,1.0
10119,150,709,5.0
13312,150,709,1.0
13320,150,709,1.0
13958,150,709,1.0
14147,150,709,2.0
17624,150,709,1.0
18032,150,709,1.0
18855,150,709,3.0
31352,150,709,2.0
31367,150,709,1.0
31373,150,709,1.0
31378,150,709,1.0
35152,150,709,2.0
35265,150,709,1.0
35268,150,709,10.0
35919,150,709,1.0
35921,150,709,2.0
35985,150,709,1.0
39166,150,709,1.0
39168,150,709,1.0
430,150,762,5.0
18509,150,762,1.0
18514,150,762,1.0
18473,150,804,1.0
18505,150,804,1.0
18512,150,804,1.0
18568,150,804,2.0
18627,150,804,6.0
18634,150,804,1.0
18636,150,804,5.0
18642,150,804,1.0
18645,150,804,7.0
18655,150,804,1.0
18661,150,804,1.0
18691,150,804,3.0
18697,150,804,1.0
18701,150,804,2.0
18706,150,804,4.0
18790,150,804,2.0
5664,153,154,1.0
6110,153,154,1.0
6114,153,154,1.0
6119,153,154,2.0
6131,153,154,2.0
6134,153,154,1.0
6148,153,154,5.0
34902,153,154,1.0
35095,153,154,1.0
44778,153,154,1.0
48041,153,154,1.0
85,153,205,1.0
5314,153,271,1.0
5372,153,271,1.0
5377,153,271,1.0
5639,153,271,10.0
5657,153,271,1.0
5659,153,271,1.0
5812,153,271,1.0
5830,153,271,1.0
5845,153,271,1.0
5891,153,271,1.0
5896,153,271,1.0
5898,153,271,2.0
5902,153,271,2.0
5908,153,271,1.0
5912,153,271,2.0
5919,153,271,3.0
5928,153,271,4.0
5933,153,271,1.0
5938,153,271,1.0
5954,153,271,1.0
5978,153,271,3.0
5984,153,271,2.0
5987,153,271,1.0
5991,153,271,4.0
5997,153,271,3.0
6004,153,271,3.0
6014,153,271,1.0
6017,153,271,1.0
6022,153,271,17.0
6041,153,271,12.0
6055,153,271,1.0
6060,153,271,1.0
6063,153,271,3.0
6070,153,271,3.0
6078,153,271,2.0
6081,153,271,1.0
6084,153,271,6.0
6091,153,271,3.0
6095,153,271,1.0
6109,153,271,1.0
13210,153,271,2.0
13213,153,271,4.0
13218,153,271,1.0
13309,153,271,1.0
13338,153,271,1.0
13354,153,271,1.0
13494,153,271,3.0
13498,153,271,1.0
13711,153,271,2.0
13715,153,271,1.0
13718,153,271,2.0
13727,153,271,2.0
13730,153,271,1.0
13733,153,271,1.0
13736,153,271,1.0
13738,153,271,1.0
13740,153,271,2.0
13942,153,271,1.0
13944,153,271,1.0
13946,153,271,1.0
13950,153,271,2.0
14000,153,271,2.0
14051,153,271,1.0
14122,153,271,1.0
14195,153,271,1.0
14335,153,271,1.0
14364,153,271,1.0
14369,153,271,1.0
14372,153,271,1.0
14375,153,271,1.0
14377,153,271,2.0
14424,153,271,1.0
14440,153,271,1.0
14445,153,271,1.0
14509,153,271,2.0
14525,153,271,1.0
14534,153,271,2.0
14565,153,271,4.0
14641,153,271,11.0
14653,153,271,2.0
14656,153,271,2.0
14660,153,271,10.0
14671,153,271,2.0
14674,153,271,5.0
14680,153,271,1.0
14693,153,271,1.0
34880,153,271,1.0
35093,153,271,1.0
35097,153,271,2.0
35103,153,271,4.0
35120,153,271,4.0
35125,153,271,6.0
35132,153,271,1.0
35273,153,271,1.0
35685,153,271,1.0
35693,153,271,1.0
35739,153,271,1.0
35770,153,271,2.0
35992,153,271,1.0
35997,153,271,1.0
36005,153,271,1.0
36011,153,271,1.0
36013,153,271,1.0
36020,153,271,4.0
36033,153,271,3.0
36037,153,271,2.0
36047,153,271,4.0
36057,153,271,2.0
36065,153,271,1.0
36069,153,271,1.0
36071,153,271,1.0
36074,153,271,2.0
36081,153,271,1.0
36088,153,271,3.0
36092,153,271,3.0
36097,153,271,2.0
36100,153,271,3.0
36108,153,271,2.0
36123,153,271,4.0
36129,153,271,1.0
36133,153,271,4.0
36155,153,271,1.0
36157,153,271,1.0
39093,153,271,13.0
39130,153,271,7.0
39142,153,271,6.0
39156,153,271,3.0
39166,153,271,1.0
39168,153,271,2.0
39172,153,271,3.0
39176,153,271,2.0
39179,153,271,11.0
39192,153,271,1.0
39194,153,271,4.0
39199,153,271,5.0
39205,153,271,3.0
39209,153,271,1.0
39214,153,271,18.0
39237,153,271,4.0
39318,153,271,3.0
39322,153,271,1.0
39334,153,271,4.0
39340,153,271,13.0
39355,153,271,6.0
39363,153,271,1.0
39365,153,271,2.0
39370,153,271,1.0
39391,153,271,9.0
39519,153,271,1.0
39569,153,271,1.0
39803,153,271,1.0
40096,153,271,1.0
40098,153,271,1.0
40178,153,271,6.0
40389,153,271,1.0
40392,153,271,1.0
40617,153,271,1.0
40620,153,271,1.0
40684,153,271,2.0
43419,153,271,2.0
43724,153,271,5.0
43856,153,271,1.0
43908,153,271,1.0
44034,153,271,1.0
44293,153,271,1.0
44383,153,271,1.0
44402,153,271,3.0
44418,153,271,1.0
44420,153,271,1.0
44422,153,271,1.0
44425,153,271,1.0
44427,153,271,3.0
44433,153,271,5.0
44446,153,271,2.0
44450,153,271,7.0
44459,153,271,15.0
44475,153,271,7.0
44485,153,271,1.0
44528,153,271,2.0
44599,153,271,1.0
44863,153,271,6.0
44872,153,271,1.0
47912,153,271,9.0
47922,153,271,33.0
47958,153,271,3.0
47962,153,271,2.0
47965,153,271,1.0
47968,153,271,18.0
47987,153,271,1.0
47990,153,271,1.0
47992,153,271,4.0
48014,153,271,2.0
48022,153,271,30.0
48054,153,271,5.0
48062,153,271,1.0
48066,153,271,1.0
48069,153,271,1.0
48071,153,271,1.0
48073,153,271,2.0
48076,153,271,1.0
48078,153,271,1.0
48085,153,271,1.0
48087,153,271,1.0
48089,153,271,5.0
48126,153,271,3.0
48144,153,271,1.0
48164,153,271,6.0
48174,153,271,4.0
48179,153,271,1.0
48182,153,271,3.0
48186,153,271,4.0
48192,153,271,8.0
48219,153,271,1.0
48223,153,271,3.0
48232,153,271,3.0
48236,153,271,5.0
48294,153,271,1.0
48803,153,271,3.0
48813,153,271,2.0
48816,153,271,1.0
48820,153,271,5.0
48828,153,271,2.0
48834,153,271,1.0
48840,153,271,2.0
48854,153,271,2.0
48858,153,271,1.0
48860,153,271,4.0
48865,153,271,7.0
48873,153,271,6.0
48881,153,271,6.0
48892,153,271,1.0
48896,153,271,1.0
48900,153,271,7.0
48908,153,271,1.0
48910,153,271,1.0
48913,153,271,6.0
48920,153,271,5.0
48941,153,271,5.0
48953,153,271,1.0
48960,153,271,1.0
48962,153,271,3.0
48966,153,271,1.0
48968,153,271,1.0
48971,153,271,1.0
48984,153,271,3.0
48992,153,271,1.0
48998,153,271,1.0
49000,153,271,1.0
49047,153,271,5.0
49053,153,271,1.0
8930,153,448,1.0
9303,153,448,1.0
9730,153,481,1.0
5300,153,492,1.0
5436,153,492,1.0
5439,153,492,2.0
5560,153,492,1.0
5849,153,492,2.0
8990,153,492,1.0
9118,153,492,1.0
9517,153,492,1.0
9526,153,492,2.0
9576,153,492,1.0
9710,153,492,2.0
9714,153,492,2.0
9718,153,492,2.0
9728,153,492,1.0
9743,153,492,1.0
9746,153,492,1.0
9752,153,492,1.0
9764,153,492,2.0
9768,153,492,1.0
9796,153,492,2.0
9804,153,492,11.0
9818,153,492,1.0
9853,153,492,1.0
9860,153,492,5.0
9879,153,492,1.0
9888,153,492,1.0
9908,153,492,1.0
9910,153,492,1.0
9928,153,492,1.0
9940,153,492,1.0
9969,153,492,1.0
9993,153,492,1.0
10009,153,492,1.0
10336,153,492,1.0
10380,153,492,1.0
10434,153,492,1.0
10439,153,492,1.0
13440,153,492,1.0
13729,153,492,2.0
14066,153,492,1.0
14296,153,492,1.0
14316,153,492,1.0
14318,153,492,1.0
14474,153,492,1.0
34795,153,492,1.0
34797,153,492,1.0
34799,153,492,1.0
35561,153,492,8.0
35578,153,492,4.0
35583,153,492,2.0
35589,153,492,1.0
35591,153,492,4.0
35938,153,492,1.0
35940,153,492,1.0
35942,153,492,4.0
39838,153,492,2.0
39841,153,492,1.0
40291,153,492,1.0
40463,153,492,1.0
40468,153,492,2.0
40619,153,492,1.0
6116,153,499,2.0
13203,153,533,1.0
13672,153,533,1.0
44382,153,533,1.0
44485,153,533,1.0
44500,153,533,1.0
44521,153,533,2.0
44524,153,533,1.0
44526,153,533,1.0
9383,153,601,1.0
10120,153,601,3.0
10126,153,601,1.0
10128,153,601,4.0
13202,153,601,1.0
14437,153,601,1.0
39670,153,601,1.0
39839,153,601,1.0
39841,153,601,1.0
48708,153,601,10.0
48731,153,601,1.0
48736,153,601,2.0
48739,153,601,3.0
48743,153,601,11.0
48758,153,601,3.0
48764,153,601,10.0
48777,153,601,6.0
36199,153,603,1.0
8929,153,709,1.0
9824,153,709,4.0
9847,153,709,2.0
35923,153,709,1.0
39608,153,939,1.0
6003,153,987,1.0
39825,153,987,1.0
43951,154,181,1.0
30573,154,222,1.0
6109,154,271,2.0
6117,154,271,1.0
6120,154,271,2.0
6123,154,271,1.0
34743,154,271,1.0
34746,154,271,1.0
35055,154,271,1.0
35234,154,271,1.0
35618,154,271,1.0
40393,154,271,1.0
40685,154,271,1.0
44331,154,271,1.0
5524,154,285,1.0
17630,154,481,2.0
36119,154,481,1.0
36134,154,481,1.0
6134,154,492,1.0
6141,154,492,2.0
6144,154,492,3.0
6148,154,492,1.0
40389,154,492,1.0
5607,154,499,2.0
17478,154,499,2.0
17496,154,499,1.0
31531,154,499,1.0
31543,154,499,2.0
31555,154,499,1.0
31559,154,499,1.0
31591,154,499,1.0
31594,154,499,3.0
31655,154,499,1.0
34851,154,499,1.0
34903,154,499,1.0
34906,154,499,4.0
34964,154,499,5.0
44314,154,499,2.0
40223,154,533,1.0
40222,154,709,2.0
4903,154,939,1.0
44113,164,172,3.0
44118,164,172,1.0
44172,164,253,1.0
44174,164,253,11.0
44186,164,253,3.0
44190,164,253,9.0
44200,164,253,2.0
44205,164,253,1.0
44207,164,253,1.0
44209,164,253,1.0
44213,164,253,1.0
4607,164,267,3.0
87,164,311,1.0
44110,164,311,1.0
44248,164,533,1.0
40452,164,603,1.0
40459,164,603,1.0
40520,164,603,1.0
40555,164,603,1.0
40561,164,603,1.0
40646,164,603,1.0
40657,164,603,1.0
40791,164,603,2.0
43919,164,987,1.0
43923,164,987,4.0
1794,172,196,1.0
4602,172,196,1.0
5640,172,196,1.0
5737,172,196,1.0
5770,172,196,2.0
9272,172,196,2.0
18073,172,196,1.0
39105,172,196,2.0
47883,172,196,1.0
634,172,311,1.0
639,172,311,2.0
668,172,311,2.0
672,172,311,9.0
682,172,311,1.0
17953,172,603,1.0
18841,172,779,3.0
43465,172,779,1.0
44366,172,779,1.0
10357,172,819,1.0
18068,172,819,1.0
43928,172,875,1.0
17505,172,987,1.0
44926,172,987,1.0
44932,172,987,1.0
44935,172,987,1.0
775,179,209,2.0
40658,179,209,3.0
943,179,222,2.0
9405,179,335,1.0
35537,179,804,1.0
39113,179,804,1.0
39954,179,804,2.0
39961,179,804,1.0
9683,179,875,2.0
13980,181,194,1.0
43961,181,194,1.0
30977,181,222,1.0
14105,181,223,1.0
18166,181,311,1.0
18085,181,513,9.0
17509,181,662,2.0
44708,181,804,1.0
44732,181,804,17.0
44750,181,804,6.0
24,181,826,1.0
1428,184,185,2.0
18096,184,185,1.0
13419,184,194,1.0
13418,184,196,1.0
13419,184,223,1.0
39328,184,253,1.0
39333,184,253,6.0
39340,184,253,3.0
44848,184,255,1.0
48029,184,255,2.0
48069,184,255,1.0
48565,184,255,1.0
8829,184,265,1.0
9463,184,265,1.0
13827,184,265,5.0
31054,184,265,2.0
31258,184,265,3.0
35473,184,265,1.0
44734,184,265,1.0
47881,184,265,1.0
978,184,267,1.0
1428,184,268,4.0
1436,184,268,1.0
1439,184,268,2.0
1445,184,268,2.0
1450,184,268,1.0
1452,184,268,1.0
1481,184,268,1.0
1487,184,268,1.0
1540,184,268,1.0
1561,184,268,1.0
1700,184,268,3.0
1704,184,268,1.0
1708,184,268,1.0
1715,184,268,2.0
8902,184,268,1.0
8905,184,268,13.0
9050,184,268,2.0
9055,184,268,1.0
9068,184,268,1.0
10165,184,268,1.0
10173,184,268,1.0
10179,184,268,1.0
10189,184,268,2.0
10248,184,268,2.0
30551,184,268,1.0
30564,184,268,1.0
31442,184,268,1.0
35900,184,268,5.0
35916,184,268,2.0
36021,184,268,1.0
48052,184,268,1.0
49114,184,268,1.0
39485,184,273,1.0
43432,184,273,1.0
31819,184,743,1.0
9204,184,751,1.0
9210,184,751,1.0
9226,184,751,1.0
9238,184,751,1.0
9241,184,751,7.0
10150,184,751,2.0
10155,184,751,2.0
10160,184,751,17.0
10178,184,751,4.0
10237,184,751,1.0
10275,184,751,1.0
10277,184,751,1.0
10281,184,751,2.0
10285,184,751,1.0
13231,184,751,3.0
13236,184,751,3.0
13244,184,751,1.0
13256,184,751,1.0
13379,184,751,2.0
13413,184,751,2.0
13418,184,751,1.0
13422,184,751,5.0
13438,184,751,1.0
13501,184,751,3.0
13799,184,751,2.0
13817,184,751,1.0
13829,184,751,1.0
14057,184,751,1.0
17627,184,751,1.0
17809,184,751,2.0
18071,184,751,1.0
18079,184,751,1.0
18089,184,751,1.0
18092,184,751,10.0
18282,184,751,1.0
18668,184,751,1.0
18772,184,751,2.0
30665,184,751,1.0
30667,184,751,2.0
30823,184,751,3.0
30827,184,751,1.0
39736,184,751,1.0
39738,184,751,3.0
39923,184,751,3.0
43507,184,751,1.0
43509,184,751,22.0
43535,184,751,1.0
43537,184,751,1.0
43566,184,751,8.0
43575,184,751,1.0
43577,184,751,1.0
43727,184,751,2.0
43732,184,751,2.0
43736,184,751,15.0
43752,184,751,4.0
43759,184,751,4.0
43765,184,751,1.0
43830,184,751,1.0
43832,184,751,5.0
43848,184,751,2.0
44236,184,751,2.0
44239,184,751,1.0
44732,184,751,1.0
44736,184,751,7.0
44745,184,751,1.0
44757,184,751,1.0
48309,184,751,4.0
48469,184,751,2.0
48472,184,751,1.0
48560,184,751,1.0
48567,184,751,1.0
1280,184,778,3.0
1285,184,778,3.0
1290,184,778,4.0
1296,184,778,17.0
1315,184,778,1.0
1322,184,778,4.0
1327,184,778,14.0
1424,184,778,1.0
1427,184,778,2.0
1431,184,778,1.0
1433,184,778,1.0
983,184,804,4.0
1438,184,804,1.0
1447,184,804,2.0
8904,184,804,2.0
9051,184,804,1.0
31471,184,804,2.0
1713,184,826,1.0
35470,184,826,2.0
1699,184,845,1.0
1701,184,845,2.0
1704,184,845,4.0
1711,184,845,1.0
8906,184,845,1.0
5650,185,265,2.0
14163,185,265,1.0
14579,185,265,1.0
14583,185,265,2.0
14589,185,265,1.0
14591,185,265,4.0
14600,185,265,3.0
14604,185,265,1.0
14617,185,265,2.0
14620,185,265,2.0
14687,185,273,5.0
14693,185,273,2.0
14696,185,273,6.0
14703,185,273,1.0
14707,185,273,1.0
18090,185,751,1.0
18100,185,751,1.0
1428,185,778,1.0
14677,185,778,1.0
14682,185,778,1.0
14684,185,778,1.0
14686,185,778,4.0
14691,185,778,1.0
14703,185,778,1.0
6029,194,242,1.0
35475,194,265,1.0
245,194,311,1.0
249,194,311,1.0
1597,194,311,3.0
1612,194,311,1.0
1616,194,311,5.0
1689,194,311,2.0
5340,194,311,1.0
5453,194,311,1.0
5786,194,311,1.0
5792,194,311,5.0
5798,194,311,3.0
6025,194,311,1.0
6046,194,311,1.0
6048,194,311,1.0
17957,194,311,1.0
30390,194,311,1.0
30911,194,311,1.0
31168,194,311,1.0
31801,194,311,2.0
31805,194,311,1.0
31809,194,311,1.0
34906,194,311,1.0
35560,194,311,1.0
35584,194,311,1.0
35601,194,311,1.0
35735,194,311,3.0
35739,194,311,1.0
35754,194,311,1.0
36051,194,311,1.0
36055,194,311,1.0
36066,194,311,1.0
36202,194,311,1.0
36205,194,311,1.0
36280,194,311,1.0
36316,194,311,1.0
44380,194,311,3.0
44387,194,311,3.0
44452,194,311,2.0
48830,194,311,1.0
48832,194,311,1.0
48944,194,311,1.0
48946,194,311,21.0
48968,194,311,1.0
48971,194,311,1.0
48973,194,311,2.0
48994,194,311,4.0
49000,194,311,7.0
49022,194,311,2.0
49033,194,311,1.0
49077,194,311,1.0
49175,194,311,2.0
17648,194,496,1.0
17670,194,496,1.0
13294,194,662,3.0
13952,194,662,2.0
13955,194,662,3.0
13959,194,662,2.0
13978,194,662,1.0
13988,194,662,5.0
30466,194,662,1.0
17981,194,765,3.0
17985,194,765,12.0
34816,194,765,1.0
34870,194,765,4.0
34906,194,765,1.0
35931,194,765,2.0
35934,194,765,1.0
35945,194,765,3.0
35949,194,765,2.0
35953,194,765,1.0
36107,194,765,6.0
36115,194,765,1.0
36119,194,765,1.0
47879,194,765,2.0
48703,194,765,2.0
35474,194,779,1.0
245,194,786,1.0
248,194,786,3.0
252,194,786,2.0
257,194,786,2.0
733,194,786,1.0
4561,194,786,2.0
47878,194,786,1.0
47880,194,786,3.0
47895,194,786,9.0
47905,194,786,3.0
47933,194,786,1.0
44719,194,804,6.0
44730,194,804,1.0
48015,194,804,3.0
48023,194,804,16.0
49195,194,804,1.0
13991,194,939,1.0
34800,194,939,1.0
43455,194,939,1.0
43833,194,987,1.0
48702,196,205,1.0
48704,196,205,3.0
49266,196,205,1.0
5352,196,222,1.0
5354,196,222,1.0
782,196,223,2.0
1342,196,223,1.0
5257,196,223,2.0
5270,196,223,1.0
5283,196,223,12.0
5317,196,223,1.0
5327,196,223,9.0
30864,196,223,1.0
14413,196,267,2.0
5229,196,311,1.0
5235,196,311,1.0
5237,196,311,1.0
5245,196,311,1.0
5257,196,311,2.0
5267,196,311,1.0
5271,196,311,1.0
5273,196,311,1.0
5276,196,311,1.0
40005,196,533,1.0
44902,196,779,1.0
784,196,819,4.0
31229,196,819,1.0
31237,196,819,2.0
35471,196,826,1.0
31224,196,939,1.0
31242,196,939,3.0
31249,196,939,5.0
31260,196,939,1.0
44905,196,987,1.0
1504,205,223,1.0
1526,205,223,1.0
1532,205,223,1.0
8935,205,223,2.0
8939,205,223,1.0
8948,205,223,1.0
8956,205,223,1.0
8958,205,223,1.0
39842,205,223,1.0
932,205,267,1.0
934,205,267,1.0
942,205,267,3.0
13311,205,267,1.0
13724,205,267,1.0
13727,205,267,1.0
13730,205,267,1.0
13733,205,267,1.0
13924,205,267,1.0
14017,205,267,1.0
14401,205,267,3.0
18649,205,267,1.0
18655,205,267,1.0
18657,205,267,1.0
18692,205,267,1.0
18694,205,267,15.0
18710,205,267,1.0
18724,205,267,3.0
18729,205,267,1.0
18731,205,267,8.0
18740,205,267,3.0
18745,205,267,3.0
35979,205,267,1.0
39150,205,267,2.0
39171,205,267,1.0
47734,205,285,2.0
261,205,311,1.0
272,205,311,1.0
808,205,311,1.0
813,205,311,1.0
817,205,311,1.0
819,205,311,1.0
5809,205,311,1.0
39706,205,311,10.0
39717,205,311,2.0
39742,205,311,1.0
39746,205,311,2.0
39750,205,311,1.0
39755,205,311,1.0
39759,205,311,6.0
39822,205,311,2.0
40414,205,311,1.0
40686,205,311,1.0
788,205,496,1.0
805,205,496,2.0
808,205,496,7.0
816,205,496,11.0
830,205,496,1.0
961,205,496,1.0
31246,205,496,1.0
31248,205,496,1.0
30445,205,662,1.0
40364,205,662,3.0
43420,205,662,1.0
5814,205,819,2.0
44097,205,819,2.0
9237,205,939,3.0
9243,205,939,4.0
5309,209,210,1.0
35350,209,275,1.0
971,209,285,1.0
9589,209,751,1.0
13980,209,771,1.0
8905,209,804,1.0
13978,209,804,2.0
48269,209,804,1.0
4899,209,875,1.0
18405,209,875,1.0
47707,209,875,2.0
48269,209,875,1.0
4646,210,778,1.0
5302,210,826,1.0
18180,211,213,1.0
39803,211,213,25.0
40349,211,213,1.0
40745,211,213,1.0
8974,211,222,1.0
8827,211,265,1.0
13388,211,265,2.0
13507,211,265,1.0
39835,211,265,1.0
17564,211,267,2.0
17567,211,267,6.0
17574,211,267,2.0
17578,211,267,2.0
34835,211,267,1.0
4852,211,268,1.0
39326,211,273,1.0
40359,211,311,1.0
40542,211,335,1.0
39841,211,496,1.0
40358,211,662,1.0
13366,211,751,1.0
13379,211,751,1.0
35962,211,762,1.0
35965,211,762,1.0
8785,211,778,1.0
8913,211,778,1.0
8933,211,778,20.0
8954,211,778,8.0
9099,211,778,1.0
40733,211,804,2.0
18872,211,826,1.0
48050,213,223,1.0
31054,213,311,1.0
39784,213,311,1.0
973,222,223,2.0
5376,222,223,1.0
30985,222,223,1.0
30987,222,223,4.0
39774,222,223,1.0
39780,222,223,1.0
39783,222,223,1.0
39805,222,223,1.0
49008,222,223,1.0
288,222,267,5.0
963,222,267,1.0
965,222,267,2.0
970,222,267,1.0
973,222,267,4.0
993,222,267,4.0
1008,222,267,2.0
1014,222,267,1.0
1016,222,267,2.0
1035,222,267,2.0
1039,222,267,1.0
1041,222,267,2.0
1157,222,267,1.0
1208,222,267,1.0
1217,222,267,1.0
1219,222,267,2.0
1239,222,267,1.0
1251,222,267,1.0
1263,222,267,4.0
1550,222,267,8.0
1560,222,267,1.0
1566,222,267,2.0
1573,222,267,11.0
1692,222,267,5.0
4724,222,267,2.0
4784,222,267,2.0
4799,222,267,1.0
4894,222,267,1.0
9303,222,267,1.0
31612,222,267,2.0
32001,222,267,1.0
32003,222,267,1.0
34938,222,267,3.0
34944,222,267,1.0
34949,222,267,2.0
34954,222,267,2.0
34975,222,267,1.0
35151,222,267,1.0
35153,222,267,1.0
35266,222,267,1.0
35278,222,267,1.0
36260,222,267,1.0
36332,222,267,1.0
36334,222,267,1.0
39611,222,267,1.0
40124,222,267,1.0
40133,222,267,1.0
40143,222,267,1.0
40565,222,267,1.0
47904,222,267,2.0
47909,222,267,1.0
47924,222,267,1.0
47928,222,267,1.0
47932,222,267,3.0
48047,222,267,1.0
48052,222,267,1.0
48096,222,267,2.0
48099,222,267,1.0
48101,222,267,1.0
48103,222,267,3.0
48294,222,267,1.0
48300,222,267,6.0
48307,222,267,5.0
48322,222,267,1.0
48324,222,267,3.0
48328,222,267,1.0
48724,222,267,3.0
48768,222,267,2.0
48781,222,267,2.0
48923,222,267,1.0
48928,222,267,1.0
48956,222,267,1.0
48969,222,267,1.0
48972,222,267,2.0
49091,222,267,1.0
49158,222,267,1.0
30842,222,268,1.0
30853,222,268,2.0
30856,222,268,1.0
30871,222,268,6.0
30909,222,268,1.0
31095,222,271,1.0
31052,222,275,1.0
31055,222,275,1.0
5378,222,311,2.0
31052,222,311,2.0
39698,222,311,1.0
5382,222,431,1.0
817,222,496,1.0
825,222,496,1.0
35493,222,496,1.0
35496,222,496,1.0
35500,222,496,5.0
35507,222,496,4.0
35547,222,496,1.0
35552,222,496,1.0
35561,222,496,1.0
9598,222,601,3.0
39680,222,662,1.0
35908,222,765,1.0
5593,222,826,1.0
5610,222,826,1.0
1733,223,253,1.0
39849,223,253,1.0
973,223,267,5.0
1070,223,311,2.0
1236,223,311,1.0
5272,223,311,1.0
13270,223,311,4.0
13418,223,311,2.0
14346,223,311,1.0
14410,223,311,1.0
18173,223,311,1.0
18193,223,311,1.0
18218,223,311,1.0
18220,223,311,1.0
18223,223,311,1.0
18225,223,311,4.0
18276,223,311,1.0
31836,223,311,1.0
39197,223,311,1.0
40413,223,311,1.0
40415,223,311,2.0
44834,223,311,1.0
44271,223,448,1.0
39617,223,494,1.0
575,223,496,1.0
615,223,496,1.0
5829,223,496,1.0
5832,223,496,1.0
5835,223,496,2.0
5839,223,496,1.0
5843,223,496,6.0
5850,223,496,6.0
5858,223,496,1.0
5862,223,496,3.0
5874,223,496,2.0
9662,223,496,1.0
10114,223,496,2.0
10117,223,496,10.0
10128,223,496,9.0
10138,223,496,2.0
10146,223,496,1.0
10148,223,496,3.0
10152,223,496,8.0
14430,223,496,2.0
14435,223,496,2.0
31667,223,496,1.0
31687,223,496,4.0
31692,223,496,1.0
31696,223,496,1.0
31720,223,496,1.0
47872,223,496,1.0
31486,223,601,1.0
13419,223,662,1.0
14450,223,662,1.0
18230,223,662,6.0
18251,223,662,3.0
18258,223,662,2.0
18293,223,662,1.0
31684,223,662,1.0
39845,223,662,1.0
40413,223,662,1.0
44275,223,791,1.0
44351,223,791,1.0
44466,223,791,1.0
44475,223,791,1.0
44478,223,791,3.0
44496,223,791,2.0
783,223,819,1.0
787,223,819,1.0
5826,223,819,3.0
5830,223,819,1.0
5832,223,819,8.0
5850,223,819,1.0
5852,223,819,1.0
5854,223,819,6.0
5863,223,819,2.0
13335,223,939,5.0
13341,223,939,1.0
13343,223,939,5.0
13368,223,939,1.0
30562,240,255,1.0
30559,240,265,1.0
795,240,275,1.0
800,240,285,3.0
48555,240,285,1.0
17552,240,431,4.0
17560,240,431,1.0
17564,240,431,1.0
17570,240,431,5.0
17576,240,431,8.0
30744,240,762,1.0
43542,240,804,1.0
43750,240,804,3.0
43877,240,804,5.0
43884,240,804,11.0
43904,240,804,3.0
43908,240,804,2.0
1568,240,938,1.0
5686,240,938,2.0
5811,240,938,1.0
5813,240,938,1.0
43329,240,938,1.0
49053,240,938,2.0
6141,242,311,1.0
6148,242,311,1.0
18384,242,311,1.0
39809,253,255,1.0
39928,253,255,1.0
31029,253,494,1.0
30673,255,265,1.0
48009,255,265,2.0
31671,255,268,2.0
36123,255,268,5.0
39236,255,268,1.0
39316,255,268,1.0
39319,255,268,1.0
39324,255,268,2.0
39345,255,268,1.0
39358,255,268,2.0
39362,255,268,1.0
39372,255,268,1.0
17527,255,273,2.0
17542,255,273,1.0
17547,255,273,3.0
18395,255,273,2.0
31699,255,273,2.0
35833,255,273,1.0
35836,255,273,2.0
35964,255,273,1.0
35967,255,273,2.0
35970,255,273,1.0
36005,255,273,1.0
36165,255,273,1.0
36169,255,273,1.0
36172,255,273,2.0
36179,255,273,4.0
36243,255,273,1.0
39051,255,273,1.0
39172,255,273,1.0
39174,255,273,1.0
39701,255,311,2.0
39704,255,311,2.0
39711,255,311,1.0
39793,255,311,1.0
39804,255,494,1.0
35375,255,511,1.0
39155,255,511,1.0
47795,255,709,2.0
31285,255,743,1.0
31299,255,743,1.0
31697,255,743,1.0
31699,255,743,2.0
31702,255,743,1.0
44027,255,743,1.0
39709,255,778,1.0
43807,255,778,1.0
31460,255,804,3.0
31464,255,804,3.0
39694,255,804,1.0
39790,255,804,3.0
48354,255,804,1.0
17519,255,826,4.0
17530,255,826,1.0
17533,255,826,2.0
17539,255,826,1.0
17542,255,826,2.0
17547,255,826,3.0
30573,255,826,1.0
36182,255,826,1.0
39168,255,826,1.0
39534,255,826,1.0
44080,255,826,1.0
44727,255,826,2.0
48008,255,826,1.0
48010,255,826,2.0
39711,255,875,1.0
13825,265,268,2.0
31346,265,268,1.0
31348,265,268,3.0
31457,265,268,1.0
13465,265,273,1.0
43550,265,285,1.0
5424,265,335,1.0
43543,265,431,2.0
39498,265,743,3.0
39502,265,743,6.0
39510,265,743,3.0
39514,265,743,1.0
39696,265,743,1.0
44277,265,743,2.0
44283,265,743,1.0
44291,265,743,2.0
44294,265,743,1.0
44298,265,743,5.0
44316,265,743,1.0
44361,265,743,1.0
44384,265,743,1.0
44424,265,743,1.0
44459,265,743,3.0
44467,265,743,4.0
44475,265,743,1.0
44491,265,743,2.0
44505,265,743,3.0
44511,265,743,1.0
44518,265,743,1.0
44521,265,743,2.0
44526,265,743,2.0
44529,265,743,2.0
44532,265,743,3.0
44538,265,743,1.0
44550,265,743,2.0
44564,265,743,8.0
44578,265,743,5.0
44589,265,743,2.0
44604,265,743,5.0
44614,265,743,6.0
44625,265,743,1.0
44630,265,743,1.0
44632,265,743,1.0
44635,265,743,2.0
44639,265,743,1.0
44681,265,743,1.0
44715,265,743,1.0
44723,265,743,2.0
44726,265,743,1.0
5278,265,751,4.0
5289,265,751,1.0
5300,265,751,1.0
5303,265,751,1.0
5305,265,751,2.0
5404,265,751,1.0
9577,265,751,1.0
9587,265,751,1.0
9675,265,751,1.0
13824,265,751,8.0
13833,265,751,1.0
14054,265,751,2.0
31058,265,751,1.0
31255,265,751,2.0
31258,265,751,1.0
35258,265,751,3.0
35471,265,751,1.0
35473,265,751,5.0
35591,265,751,2.0
35475,265,779,1.0
5570,265,804,1.0
9464,265,804,1.0
31455,265,804,3.0
35452,265,804,10.0
5487,265,826,1.0
5499,265,826,1.0
5660,265,826,1.0
5954,265,826,2.0
5959,265,826,2.0
5970,265,826,7.0
5981,265,826,1.0
8824,265,826,1.0
9010,265,826,3.0
9290,265,826,1.0
9463,265,826,1.0
9828,265,826,1.0
9901,265,826,3.0
9935,265,826,1.0
9939,265,826,1.0
10348,265,826,1.0
10359,265,826,1.0
10400,265,826,1.0
10403,265,826,1.0
10408,265,826,1.0
30293,265,826,1.0
30404,265,826,1.0
30506,265,826,1.0
30514,265,826,3.0
30524,265,826,2.0
30527,265,826,1.0
30538,265,826,1.0
30548,265,826,1.0
30634,265,826,1.0
31352,265,826,1.0
31588,265,826,1.0
31687,265,826,2.0
31717,265,826,1.0
35651,265,826,1.0
35738,265,826,1.0
36069,265,826,4.0
36166,265,826,4.0
36184,265,826,1.0
36325,265,826,1.0
36331,265,826,1.0
36334,265,826,1.0
36336,265,826,1.0
39068,265,826,2.0
43535,265,826,1.0
43538,265,826,1.0
43540,265,826,1.0
43561,265,826,1.0
44735,265,826,1.0
44833,265,826,2.0
47729,265,826,3.0
47783,265,826,1.0
9822,265,875,1.0
2,267,272,1.0
928,267,311,3.0
932,267,311,16.0
956,267,311,1.0
959,267,311,2.0
35529,267,311,1.0
939,267,496,5.0
951,267,496,3.0
959,267,496,2.0
14403,267,496,1.0
14405,267,496,1.0
36069,267,496,1.0
36079,267,496,2.0
40048,267,496,1.0
13425,267,513,1.0
17614,267,513,1.0
4605,267,603,2.0
47810,267,603,1.0
14411,267,662,1.0
5532,267,939,1.0
13925,267,939,1.0
30664,268,273,1.0
36190,268,273,2.0
36193,268,273,2.0
39386,268,273,1.0
39594,268,273,1.0
5502,268,751,1.0
5526,268,751,1.0
10165,268,751,1.0
10172,268,751,3.0
10177,268,751,1.0
10179,268,751,4.0
10223,268,751,1.0
13643,268,751,1.0
13826,268,751,1.0
34816,268,751,2.0
34820,268,751,2.0
34833,268,751,1.0
34837,268,751,1.0
34847,268,751,1.0
34853,268,751,6.0
34860,268,751,1.0
34864,268,751,1.0
34866,268,751,1.0
34912,268,751,1.0
34920,268,751,1.0
34939,268,751,3.0
34949,268,751,3.0
34954,268,751,1.0
34959,268,751,2.0
34969,268,751,1.0
34980,268,751,1.0
34982,268,751,1.0
34994,268,751,1.0
34996,268,751,7.0
35004,268,751,6.0
35011,268,751,1.0
35014,268,751,5.0
35020,268,751,3.0
35025,268,751,6.0
35064,268,751,8.0
35078,268,751,4.0
8788,268,778,1.0
8879,268,778,1.0
35299,268,778,2.0
36432,268,778,1.0
36453,268,778,1.0
36457,268,778,7.0
36467,268,778,2.0
36478,268,778,1.0
36495,268,778,2.0
40453,268,778,1.0
40494,268,778,1.0
40496,268,778,1.0
40498,268,778,2.0
5500,268,804,3.0
8905,268,804,1.0
8937,268,804,1.0
31468,268,804,2.0
31471,268,804,2.0
31485,268,804,1.0
31686,268,804,2.0
31694,268,804,1.0
31696,268,804,1.0
31698,268,804,1.0
36118,268,804,1.0
40723,268,804,4.0
40729,268,804,5.0
43472,268,804,5.0
10101,268,826,2.0
31668,268,826,1.0
44428,268,826,1.0
47679,268,826,1.0
48063,268,826,1.0
48861,268,826,3.0
1265,268,845,1.0
5923,268,845,1.0
10580,268,845,1.0
14516,268,845,1.0
14526,268,845,1.0
17931,268,845,4.0
17968,268,845,2.0
296,271,448,1.0
34814,271,448,2.0
35749,271,448,1.0
5146,271,481,1.0
17626,271,481,1.0
35052,271,481,2.0
4831,271,492,1.0
5371,271,492,1.0
6004,271,492,1.0
13198,271,492,1.0
13319,271,492,2.0
13322,271,492,1.0
13332,271,492,3.0
13739,271,492,1.0
13741,271,492,1.0
13947,271,492,1.0
14062,271,492,1.0
17503,271,492,5.0
31892,271,492,4.0
31902,271,492,1.0
31905,271,492,1.0
31914,271,492,1.0
31969,271,492,1.0
31975,271,492,2.0
31982,271,492,1.0
31984,271,492,1.0
40105,271,492,11.0
40117,271,492,3.0
40122,271,492,2.0
40127,271,492,1.0
40133,271,492,8.0
40143,271,492,5.0
40151,271,492,1.0
40554,271,492,5.0
40701,271,492,13.0
40721,271,492,1.0
40725,271,492,1.0
40730,271,492,1.0
40737,271,492,2.0
40741,271,492,3.0
40745,271,492,1.0
40753,271,492,1.0
40756,271,492,5.0
40762,271,492,1.0
40856,271,492,1.0
4727,271,499,1.0
14246,271,499,2.0
34999,271,499,1.0
35001,271,499,1.0
35212,271,499,1.0
35748,271,499,1.0
35778,271,499,1.0
47747,271,499,1.0
4643,271,533,1.0
4651,271,533,1.0
4774,271,533,2.0
6199,271,533,2.0
13740,271,533,1.0
40223,271,533,1.0
44382,271,533,1.0
44519,271,533,1.0
44532,271,533,3.0
44549,271,533,1.0
44559,271,533,4.0
44577,271,533,1.0
44580,271,533,1.0
44591,271,533,1.0
226,271,601,1.0
261,271,601,1.0
288,271,601,1.0
291,271,601,1.0
297,271,601,1.0
300,271,601,13.0
316,271,601,3.0
324,271,601,1.0
337,271,601,2.0
340,271,601,2.0
805,271,601,1.0
808,271,601,1.0
956,271,601,4.0
963,271,601,1.0
965,271,601,1.0
967,271,601,1.0
970,271,601,2.0
975,271,601,1.0
977,271,601,1.0
980,271,601,3.0
4748,271,601,1.0
5300,271,601,2.0
17571,271,601,1.0
17627,271,601,13.0
17642,271,601,3.0
17650,271,601,2.0
17666,271,601,1.0
17676,271,601,4.0
17682,271,601,1.0
30559,271,601,1.0
30562,271,601,1.0
30564,271,601,2.0
30580,271,601,1.0
30585,271,601,1.0
30587,271,601,1.0
31042,271,601,1.0
31047,271,601,2.0
31094,271,601,1.0
31096,271,601,1.0
31103,271,601,2.0
31492,271,601,5.0
31498,271,601,5.0
34751,271,601,1.0
34762,271,601,3.0
34766,271,601,2.0
35759,271,601,5.0
35765,271,601,1.0
35767,271,601,3.0
39666,271,601,3.0
39670,271,601,1.0
39815,271,601,1.0
35036,271,709,2.0
35039,271,709,2.0
35045,271,709,4.0
35050,271,709,2.0
35690,271,709,3.0
35732,271,709,2.0
35922,271,709,2.0
35608,271,765,1.0
14106,272,603,1.0
31702,273,743,1.0
31705,273,743,4.0
31730,273,743,5.0
31737,273,743,1.0
31739,273,743,1.0
31741,273,743,1.0
31744,273,743,1.0
31746,273,743,5.0
39589,273,743,1.0
44749,273,743,2.0
44812,273,743,3.0
44817,273,743,1.0
44824,273,743,1.0
44837,273,743,7.0
44846,273,743,1.0
44848,273,743,7.0
47702,273,743,3.0
47715,273,743,1.0
48196,273,743,3.0
18669,273,751,1.0
8786,273,778,1.0
8811,273,778,3.0
8980,273,778,3.0
9036,273,778,2.0
9046,273,778,1.0
9066,273,778,1.0
9078,273,778,1.0
13371,273,778,1.0
13512,273,778,1.0
14084,273,778,1.0
14301,273,778,3.0
14688,273,778,1.0
14690,273,778,5.0
14699,273,778,4.0
36233,273,778,11.0
36245,273,778,1.0
36250,273,778,18.0
39334,273,778,4.0
39340,273,778,3.0
39346,273,778,1.0
39348,273,778,3.0
39352,273,778,7.0
39379,273,778,8.0
43772,273,778,6.0
44353,273,778,1.0
44482,273,778,31.0
44517,273,778,1.0
44519,273,778,1.0
44525,273,778,14.0
44540,273,778,3.0
44547,273,778,1.0
18316,273,804,1.0
17474,273,826,1.0
17481,273,826,1.0
17526,273,826,7.0
17535,273,826,8.0
17547,273,826,3.0
18871,273,826,2.0
30473,273,826,1.0
34968,273,826,1.0
35946,273,826,1.0
35957,273,826,1.0
39154,273,826,1.0
39157,273,826,2.0
39160,273,826,1.0
43395,273,826,1.0
43577,273,826,1.0
17744,273,845,1.0
6155,275,285,1.0
31050,275,311,1.0
31052,275,311,2.0
31061,275,311,2.0
5535,275,335,4.0
14020,275,431,9.0
14031,275,431,2.0
14034,275,431,1.0
14039,275,431,8.0
14048,275,431,6.0
30797,275,431,5.0
31054,275,496,1.0
1347,275,762,1.0
953,275,804,1.0
1812,275,804,1.0
8912,275,804,1.0
8919,275,804,1.0
8928,275,804,3.0
8934,275,804,2.0
8972,275,804,1.0
8997,275,804,1.0
8999,275,804,1.0
9051,275,804,1.0
9862,275,804,1.0
9866,275,804,1.0
10147,275,804,1.0
35898,275,804,1.0
10144,275,826,1.0
8911,275,845,2.0
8919,275,845,1.0
8980,275,845,1.0
9050,275,845,1.0
978,275,875,1.0
43525,285,431,1.0
43601,285,431,1.0
44039,285,431,1.0
44041,285,431,1.0
44055,285,431,2.0
44072,285,431,1.0
44508,285,431,1.0
44923,285,431,3.0
44937,285,431,1.0
47765,285,431,3.0
47797,285,431,1.0
48067,285,431,1.0
48079,285,431,3.0
48420,285,431,1.0
1529,285,481,1.0
1588,285,481,2.0
389,285,762,2.0
395,285,762,3.0
402,285,762,1.0
424,285,762,1.0
973,285,875,6.0
981,285,875,3.0
988,285,875,1.0
990,285,875,1.0
997,285,875,1.0
1005,285,875,1.0
4873,285,875,1.0
43528,285,875,1.0
43530,285,875,6.0
43539,285,875,3.0
43544,285,875,4.0
43648,285,875,1.0
43655,285,875,1.0
43660,285,875,1.0
43663,285,875,7.0
44408,285,875,1.0
44444,285,875,1.0
44449,285,875,1.0
48811,285,875,1.0
9584,311,335,1.0
13898,311,335,1.0
95,311,481,1.0
280,311,496,1.0
384,311,496,2.0
809,311,496,1.0
818,311,496,1.0
875,311,496,3.0
885,311,496,6.0
895,311,496,1.0
907,311,496,1.0
910,311,496,1.0
924,311,496,3.0
928,311,496,2.0
941,311,496,3.0
947,311,496,1.0
955,311,496,1.0
959,311,496,2.0
962,311,496,1.0
5534,311,496,1.0
5538,311,496,11.0
5567,311,496,4.0
5583,311,496,4.0
5588,311,496,3.0
5592,311,496,2.0
5815,311,496,1.0
5843,311,496,1.0
18915,311,496,1.0
31168,311,496,2.0
31171,311,496,3.0
31182,311,496,2.0
31187,311,496,2.0
35379,311,496,2.0
35488,311,496,4.0
35499,311,496,3.0
35503,311,496,1.0
48331,311,496,1.0
9416,311,662,1.0
9426,311,662,1.0
9433,311,662,1.0
9697,311,662,1.0
13415,311,662,1.0
13419,311,662,1.0
14396,311,662,4.0
39621,311,662,1.0
40119,311,662,1.0
40353,311,662,3.0
40357,311,662,1.0
40413,311,662,1.0
44299,311,662,16.0
44324,311,662,2.0
44341,311,662,2.0
44354,311,662,1.0
44700,311,662,1.0
43978,311,765,1.0
81,311,771,1.0
9584,311,771,1.0
246,311,786,2.0
250,311,786,3.0
257,311,786,1.0
39790,311,804,1.0
44719,311,804,1.0
48027,311,804,1.0
5811,311,819,1.0
14213,311,819,3.0
31228,311,819,1.0
31241,311,819,2.0
44344,311,819,2.0
9583,311,826,1.0
31227,311,939,1.0
43521,311,939,3.0
1105,335,511,1.0
5033,335,762,1.0
5036,335,762,1.0
5386,335,762,1.0
5390,335,762,1.0
5409,335,762,1.0
5411,335,762,2.0
5414,335,762,2.0
5424,335,762,1.0
5451,335,762,1.0
5505,335,762,2.0
5570,335,762,1.0
5573,335,762,1.0
13288,335,762,3.0
13373,335,762,1.0
13449,335,762,1.0
13594,335,762,1.0
13893,335,762,1.0
14137,335,762,1.0
35768,335,762,2.0
39525,335,762,1.0
4907,335,771,1.0
5225,335,771,1.0
5252,335,771,1.0
5531,335,771,1.0
5534,335,771,1.0
9428,335,771,5.0
9434,335,771,5.0
9582,335,771,1.0
9585,335,771,1.0
13207,335,771,1.0
13898,335,771,1.0
39092,335,804,1.0
39091,335,875,1.0
224,431,778,1.0
229,431,778,1.0
233,431,778,1.0
237,431,778,1.0
13902,431,784,1.0
13973,431,784,1.0
30625,431,784,1.0
30632,431,784,1.0
30650,431,784,1.0
30659,431,784,1.0
30741,431,784,1.0
13973,431,875,1.0
13975,431,875,1.0
35382,431,938,2.0
17634,448,481,2.0
17643,448,481,2.0
17655,448,481,11.0
17668,448,481,7.0
17715,448,481,2.0
17911,448,481,1.0
9722,448,492,1.0
1098,448,499,1.0
4716,448,499,1.0
4504,448,533,3.0
6182,448,533,2.0
6197,448,533,2.0
31523,448,533,7.0
13318,448,603,1.0
62,448,826,1.0
5306,448,939,1.0
9709,481,499,1.0
14726,481,533,1.0
44291,481,533,1.0
48826,481,533,1.0
8872,481,709,1.0
9454,481,709,1.0
9460,481,709,1.0
9657,481,709,1.0
9698,481,709,2.0
9703,481,709,1.0
9740,481,709,1.0
10273,481,709,1.0
13701,481,709,1.0
18594,481,709,1.0
18610,481,709,1.0
18848,481,709,3.0
30839,481,709,1.0
31820,481,709,2.0
34870,481,709,3.0
34920,481,709,1.0
34950,481,709,1.0
34952,481,709,1.0
35086,481,709,2.0
35091,481,709,1.0
35747,481,709,1.0
35928,481,709,1.0
40180,481,709,1.0
43533,481,709,1.0
39098,481,751,2.0
9730,492,499,1.0
4519,492,601,2.0
8920,492,601,3.0
8925,492,601,2.0
10064,492,601,1.0
10066,492,601,10.0
10077,492,601,3.0
10082,492,601,9.0
10093,492,601,2.0
18218,492,601,1.0
18223,492,601,8.0
0,492,938,1.0
750,494,765,2.0
756,494,765,1.0
839,494,765,1.0
5182,494,765,1.0
13754,494,765,1.0
18066,494,765,6.0
18161,494,765,1.0
18216,494,765,1.0
18218,494,765,6.0
31031,494,765,1.0
31158,494,765,1.0
35408,494,765,1.0
35410,494,765,1.0
35413,494,765,1.0
39625,494,765,1.0
39801,494,765,2.0
34906,494,786,1.0
9426,496,662,1.0
14405,496,662,1.0
14430,496,662,1.0
31694,496,662,1.0
34909,496,786,1.0
35230,496,786,2.0
39728,496,804,1.0
5865,496,819,1.0
5867,496,819,2.0
48681,496,987,1.0
13668,499,533,2.0
13673,499,533,1.0
13675,499,533,1.0
13735,499,533,2.0
43924,499,533,1.0
14409,499,601,1.0
4766,511,762,1.0
18835,511,762,1.0
18839,511,762,1.0
18841,511,762,1.0
18859,511,762,1.0
39379,511,762,1.0
48972,511,762,1.0
4895,511,771,1.0
13349,511,771,1.0
943,511,804,2.0
947,511,804,2.0
950,511,804,8.0
14855,511,804,1.0
18854,511,804,1.0
39114,511,804,1.0
39117,511,804,1.0
44757,511,804,3.0
48635,511,804,5.0
13625,533,601,6.0
13632,533,601,4.0
13637,533,601,5.0
13643,533,601,1.0
13651,533,601,1.0
13653,533,601,1.0
40187,533,601,1.0
49048,533,601,1.0
14091,533,709,1.0
31657,533,709,2.0
31699,533,709,3.0
31710,533,709,1.0
32024,533,709,1.0
34953,533,709,1.0
13283,601,709,1.0
13288,601,709,2.0
13299,601,709,3.0
13304,601,709,1.0
13308,601,709,1.0
13310,601,709,4.0
13315,601,709,9.0
13326,601,709,1.0
18584,603,791,1.0
44192,603,791,1.0
44194,603,791,1.0
44196,603,791,1.0
9584,662,751,1.0
9584,662,771,1.0
43402,662,779,2.0
39942,662,819,3.0
39949,662,819,1.0
39951,662,819,2.0
39954,662,819,3.0
9583,662,826,1.0
30441,662,939,1.0
30443,662,939,2.0
31242,662,939,1.0
43881,743,778,2.0
44130,743,784,4.0
44136,743,784,1.0
31803,743,826,7.0
43664,743,826,1.0
48061,743,826,1.0
5294,751,778,1.0
6105,751,778,1.0
8979,751,778,2.0
9078,751,778,1.0
13323,751,778,1.0
13325,751,778,1.0
14171,751,778,1.0
14173,751,778,1.0
14175,751,778,1.0
14187,751,778,1.0
35409,751,778,1.0
36278,751,778,4.0
36292,751,778,1.0
43796,751,778,2.0
5494,751,804,9.0
9588,751,826,1.0
18083,751,826,1.0
44733,751,826,1.0
39691,751,875,1.0
484,762,771,1.0
4471,762,771,1.0
4490,762,771,2.0
5128,762,771,1.0
5147,762,771,2.0
5224,762,771,1.0
5252,762,771,1.0
5542,762,771,1.0
13576,762,771,3.0
14168,762,771,2.0
5543,762,784,1.0
5564,762,784,1.0
48196,762,784,3.0
18514,762,804,1.0
18764,762,804,1.0
18915,762,804,1.0
1408,762,875,1.0
1412,762,875,1.0
1427,762,875,1.0
13895,762,875,1.0
30637,762,875,1.0
30647,762,875,1.0
30652,762,875,1.0
1083,765,786,2.0
1096,765,786,2.0
1138,765,786,1.0
1149,765,786,3.0
1153,765,786,1.0
1157,765,786,4.0
1163,765,786,1.0
1165,765,786,1.0
1170,765,786,3.0
1204,765,786,1.0
1208,765,786,1.0
1216,765,786,1.0
1225,765,786,3.0
1259,765,786,1.0
1273,765,786,1.0
1279,765,786,3.0
1285,765,786,2.0
1303,765,786,6.0
1317,765,786,3.0
1321,765,786,5.0
1330,765,786,1.0
1333,765,786,1.0
1364,765,786,3.0
1368,765,786,1.0
1374,765,786,3.0
1378,765,786,1.0
1382,765,786,3.0
1386,765,786,1.0
1389,765,786,2.0
1393,765,786,2.0
4652,765,786,1.0
48405,765,804,3.0
62,765,826,1.0
5543,771,784,1.0
968,778,804,1.0
8797,778,804,2.0
39712,778,804,7.0
556,778,826,2.0
8881,778,826,1.0
43869,778,826,1.0
43871,778,826,2.0
43875,778,826,5.0
4719,778,845,1.0
9168,778,845,1.0
9184,778,845,1.0
9202,778,845,1.0
9255,778,845,1.0
9295,778,845,1.0
39694,778,875,4.0
39699,778,875,6.0
39719,778,875,2.0
39722,778,875,1.0
39729,778,875,1.0
39733,778,875,1.0
39736,778,875,2.0
39740,778,875,1.0
39743,778,875,1.0
39750,778,875,3.0
39755,778,875,2.0
39761,778,875,5.0
39772,778,875,1.0
39776,778,875,1.0
39783,778,875,2.0
39793,778,875,1.0
39812,778,875,1.0
39814,778,875,1.0
39817,778,875,2.0
39947,778,875,12.0
13141,779,819,1.0
43396,779,819,1.0
43398,779,819,1.0
43403,779,819,3.0
43419,779,819,1.0
43422,779,819,3.0
43426,779,819,1.0
44290,779,819,1.0
44342,779,819,1.0
44345,779,819,1.0
44707,779,819,2.0
34831,779,939,1.0
44110,779,987,1.0
39091,784,804,1.0
39094,784,804,1.0
39101,784,804,1.0
13976,784,875,1.0
39617,784,875,1.0
44218,784,875,1.0
967,804,826,2.0
10145,804,826,1.0
8929,804,845,1.0
8932,804,845,1.0
9030,804,845,1.0
9038,804,845,3.0
9168,804,845,2.0
9171,804,845,2.0
39068,804,875,2.0
39091,804,875,4.0
39096,804,875,5.0
39102,804,875,4.0
39107,804,875,1.0
39109,804,875,3.0
39114,804,875,5.0
40173,804,875,1.0
48269,804,875,1.0
5577,804,938,5.0
5585,804,938,2.0
5590,804,938,1.0
5648,804,938,1.0
31033,819,939,3.0
31218,819,939,4.0
31251,819,939,1.0
31268,819,939,1.0
13196,819,987,1.0
13198,819,987,1.0
14372,819,987,1.0
39960,819,987,1.0
44902,819,987,1.0
4550,826,987,1.0
49147,875,938,1.0
